StaffID,DepartmentID,BranchID,FullName,Gender,BirthDate,StartDate,EndDate,Salary,Address,PhoneNumber,UserID
f91e3ef9-0cfe-4cad-9eda-4803b05878e6,DEPT_MGR,,Huỳnh Hữu Phương,Nữ,1978-08-19,2003-12-26,,20109982,"413 Lê Lợi, Q3, Đà Nẵng",0964874488,aaff90a3-9937-4e36-b824-8aa7558a06c1
f9a4d521-200c-40c4-8290-9ed869f5928d,DEPT_MGR,,Hoàng Anh Đức,Nam,1985-06-08,2008-11-14,,20879947,"259 Trần Hưng Đạo, Q3, Hà Nội",0755004125,fe607346-8c57-457f-97ed-0af4f1ec60a2
cfd58538-d292-4eaa-bb2c-a47fa1bec107,DEPT_MGR,,Đặng Tuấn Anh,Nữ,1987-03-02,2013-02-11,,22831347,"434 Trần Hưng Đạo, Q1, Đà Nẵng",0832536330,99688f75-0f22-4a9f-899b-4908d94a9a05
f07829f0-293f-4803-8350-b402051523be,DEPT_MGR,,Đặng Văn Đức,Nam,1988-01-19,2013-04-26,,24619379,"490 Nguyễn Huệ, Q2, Hà Nội",0923284183,442f232a-9c6c-4181-a6f9-dae61869e78e
7c1a10fc-4713-4a08-b684-9d8438a24408,DEPT_MGR,,Trần Minh Phương,Nam,1987-10-25,2013-11-28,,17196548,"771 Trần Hưng Đạo, Q1, Đà Nẵng",0870153402,9c90a88a-e277-4cca-9d74-795e63e531b2
379cf13c-b39d-4c43-84bd-e31a39d0e7c7,DEPT_MGR,,Huỳnh Hữu Hương,Nam,1976-12-25,2006-05-30,,18662458,"464 Trần Hưng Đạo, Q2, TP.HCM",0887947752,6c249bc2-079c-4cd7-9204-64df3a88638d
50a11bca-b4a8-4c67-ab7a-f791482c6ce3,DEPT_MGR,,Võ Minh Hoa,Nam,1983-11-24,2009-12-24,,17510778,"412 Nguyễn Huệ, Q3, TP.HCM",0886132795,7fb7a5f3-2818-4107-8ce5-e57995a57fd7
d2876917-10d1-4b53-af1c-b5da20e60226,DEPT_MGR,,Phan Thị Anh,Nam,1977-10-17,2003-06-09,,24378960,"858 Nguyễn Huệ, Q1, Hà Nội",0781599845,d2c551b5-0785-44ef-8320-d812a6453a06
58c3397a-37e3-44b6-a575-35e407a470d7,DEPT_MGR,,Nguyễn Minh Minh,Nữ,1977-04-22,2004-11-08,,19771118,"382 Lê Lợi, Q1, Đà Nẵng",0852207570,75f3a2d2-0697-49f6-b812-d1a3086cfd43
ecd65783-f8a2-464e-afc7-171c1b348934,DEPT_MGR,,Huỳnh Thị Minh,Nam,1988-11-28,2014-03-09,,21644207,"32 Trần Hưng Đạo, Q1, Đà Nẵng",0958501928,f426c829-5c2a-4f4c-a547-136c6ccb432b
6f3147ec-3aca-4301-8e7d-eeea4c0a78b4,DEPT_MGR,,Võ Hoàng Anh,Nữ,1986-07-17,2011-05-06,,17526428,"83 Lê Lợi, Q3, Đà Nẵng",0780286715,9609c124-50c6-4d9b-b20f-2ddd9adb8143
b04db04f-cf7e-4273-afc9-e408f20d13e5,DEPT_MGR,,Nguyễn Anh Hoa,Nam,1986-03-24,2010-06-16,,18888689,"820 Lê Lợi, Q1, TP.HCM",0739028682,8a85d21b-b267-4751-bee0-7653209a1d53
39790727-aa1f-4d6e-9709-d1cd7f0a5f41,DEPT_MGR,,Phan Thị Hoa,Nam,1980-03-01,2004-10-23,,17766396,"768 Lê Lợi, Q3, Đà Nẵng",0853793554,1a1639a7-0bc7-4333-bac8-a4bcc6d6b629
5b67bba8-edf0-4a61-973f-a263d1d734e5,DEPT_MGR,,Hoàng Anh Hoa,Nữ,1979-11-07,2006-08-22,,22016172,"56 Nguyễn Huệ, Q2, TP.HCM",0947807736,a50d40f0-6b81-4d50-add5-712455f9875f
5edae387-75a2-40ea-83ac-acf35b59b2ad,DEPT_MGR,,Trần Thị Hoàng,Nữ,1978-09-15,2003-01-23,,16835121,"701 Nguyễn Huệ, Q1, Đà Nẵng",0954310742,c6cd637e-cbb0-4415-aa78-26a587d01e29
5cb56370-80f8-424f-b212-b958c97deac8,DEPT_MGR,,Lê Đức Minh,Nam,1975-07-20,1999-06-11,,15050214,"600 Trần Hưng Đạo, Q1, Đà Nẵng",0716598356,a0800a91-c814-4cd4-bfef-afedaa8919bb
6318c27f-692c-46f7-b6f6-e4ad9606d2ec,DEPT_MGR,,Võ Hữu Anh,Nữ,1989-02-15,2011-08-31,,24977432,"687 Lê Lợi, Q1, TP.HCM",0974767330,8fa5bee5-43c0-4b73-92a9-2ce197b8fa0b
94f15001-1d90-4a3e-9e9c-534088f5c95c,DEPT_MGR,,Nguyễn Minh Nam,Nữ,1984-04-30,2007-04-21,,16293724,"248 Trần Hưng Đạo, Q1, Đà Nẵng",0928922210,25d6aeb4-9eb8-4488-9734-2da099a5c7eb
8592d65a-ac94-45cb-82f5-a3dfbcca6217,DEPT_MGR,,Trần Hồng Phương,Nam,1977-12-01,2007-08-19,,22759432,"293 Lê Lợi, Q3, TP.HCM",0860068132,4db651df-07d3-4c63-877e-396d8850a82a
c4f0bf1a-f2fe-4ec0-9c09-bc14394913ab,DEPT_MGR,,Phan Thị Minh,Nam,1975-09-05,2002-02-25,,22065046,"113 Lê Lợi, Q2, Đà Nẵng",0794427096,d57cc280-d1cf-4f56-a864-40ee585ff99b
deec71bf-331a-421c-b577-094d196ebb47,DEPT_MGR,,Phan Tuấn Hương,Nữ,1987-09-22,2015-04-23,,15038931,"167 Lê Lợi, Q1, Hà Nội",0884708904,cc115d8c-7b3b-4ac2-9beb-f5f2ce1e255f
5eab9788-a95b-4e59-89ad-dbb04361aa5e,DEPT_MGR,,Lê Hồng Anh,Nữ,1989-12-28,2015-10-27,,15305499,"594 Trần Hưng Đạo, Q3, TP.HCM",0987175095,166becf6-f69c-4ea3-b86f-7f57b678225a
950599f3-93e6-471b-aa87-e8ba9a690135,DEPT_MGR,,Võ Minh Minh,Nam,1976-04-06,1997-11-22,,24337305,"52 Trần Hưng Đạo, Q1, Đà Nẵng",0825075286,56f700b0-115a-4b0f-be9b-cbe725ee7b71
b2c10593-5bc1-4049-bbe7-a4da8064dcbc,DEPT_MGR,,Trần Minh Thảo,Nam,1978-09-17,2004-01-10,,17655892,"692 Nguyễn Huệ, Q2, Đà Nẵng",0730473577,9761cc34-cf18-4bd3-bc32-90bdbfc7e7f5
854dbe2d-e4fe-472c-8b0b-be9d261837c6,DEPT_MGR,,Huỳnh Hữu Hoàng,Nam,1982-12-11,2010-08-04,,19769418,"253 Lê Lợi, Q1, Đà Nẵng",0933264118,6b4be644-01e4-4fd1-bcfd-ef5aee6f90c0
da0d8f59-9d8e-423f-891c-8e0c149a2961,DEPT_MGR,,Đặng Văn Đức,Nam,1975-09-29,1999-04-26,,23601011,"691 Lê Lợi, Q3, Đà Nẵng",0939596074,7d24a79d-d615-498c-9ddb-208f6bdb4615
61bb6a5f-cf2f-4602-a112-1248857e6243,DEPT_MGR,,Võ Hoàng Anh,Nam,1978-12-20,2003-09-30,,15012541,"358 Trần Hưng Đạo, Q1, Đà Nẵng",0819259932,ad12080d-1525-4d70-9ae6-af9eca436e5c
beeb8b7a-458d-42f9-a230-c24ff81c0bc0,DEPT_MGR,,Nguyễn Đức Hoàng,Nam,1985-07-21,2014-11-07,,17408090,"583 Nguyễn Huệ, Q3, Đà Nẵng",0742765934,ecacbdd3-4396-4b65-914e-2e4094ff3224
ff88b0fa-1bec-4a06-8445-b4780138fedf,DEPT_MGR,,Nguyễn Hoàng Hoàng,Nữ,1975-05-16,1998-10-04,,21626105,"136 Nguyễn Huệ, Q3, Đà Nẵng",0964523655,9e237154-65d5-446b-8612-1bf991273e20
f62853e7-171c-4b85-b750-b0914f264191,DEPT_MGR,,Nguyễn Hoàng Hương,Nam,1978-11-03,2008-02-22,,20954026,"969 Trần Hưng Đạo, Q2, TP.HCM",0896538370,b30b5cf9-d041-41bd-bc17-36c50bb3ae17
369b3357-b164-46fd-8394-c2ecf1ba6b6a,DEPT_MGR,,Huỳnh Tuấn Thảo,Nữ,1986-11-09,2014-01-31,,21478003,"407 Nguyễn Huệ, Q1, Đà Nẵng",0996231687,2ae073ba-ff4c-427b-a254-d4dd73672d1f
da6f9e5a-e62b-49f0-8beb-fab61c7eacd5,DEPT_MGR,,Huỳnh Thị Anh,Nữ,1976-11-07,1999-09-27,,15904656,"751 Trần Hưng Đạo, Q2, Hà Nội",0747463943,5fbb023c-9aad-4681-9279-4fee45afe5e4
19945520-c122-484b-af0e-aa264215d889,DEPT_MGR,,Phan Thị Minh,Nữ,1977-07-04,1997-08-07,,21014659,"724 Nguyễn Huệ, Q1, TP.HCM",0997545191,214df0ef-528c-47b9-9391-7e37f0b5bdb2
f66cb1b6-bbab-4b06-b36c-41adde2cad1e,DEPT_MGR,,Vũ Văn Hương,Nữ,1989-07-20,2017-06-22,,19796415,"915 Nguyễn Huệ, Q3, TP.HCM",0719982375,b626b82a-8c1a-48fa-9224-2a57536dc1f6
e8fbcd42-3000-495c-ac25-d5dc0f4cd0f4,DEPT_MGR,,Phan Hoàng Anh,Nam,1987-05-01,2013-12-28,,24397449,"760 Lê Lợi, Q3, Đà Nẵng",0851992387,86f01389-13c0-407e-aa0b-d56cc2c763d8
1091a51a-21cc-45a7-a767-538c20cc48e4,DEPT_MGR,,Vũ Tuấn Nam,Nam,1975-01-17,2000-08-02,,18577971,"467 Lê Lợi, Q1, TP.HCM",0972683572,5f82e99f-6b3e-4522-bedf-ebc4cee710da
e3d306bf-4e32-4db8-afc0-3e14d4bb920f,DEPT_MGR,,Võ Anh Nam,Nam,1989-09-21,2014-09-28,,24456262,"321 Nguyễn Huệ, Q1, TP.HCM",0882208113,60742994-4fb8-4af1-8b67-c4286051184b
0f918254-e202-4ace-b3be-3040865f6a16,DEPT_MGR,,Hoàng Văn Hương,Nam,1981-09-19,2008-01-20,,20539542,"97 Lê Lợi, Q2, TP.HCM",0945060212,d9e72e24-1528-4684-a8d3-ee190707dc9e
cc37ba32-4c72-4d32-b774-f9d447ed4ec9,DEPT_MGR,,Phan Anh Đức,Nữ,1979-07-21,2000-05-26,,24596180,"967 Trần Hưng Đạo, Q3, Hà Nội",0738870442,a679cddc-db37-40f4-8480-d90fff0551db
2768663a-2177-4766-85c7-551aa8565722,DEPT_MGR,,Vũ Anh Hương,Nam,1983-01-15,2003-09-23,,18545891,"397 Trần Hưng Đạo, Q2, Đà Nẵng",0743407198,9153e7ab-e896-46c3-a646-9fd44f5034a3
5ebfc373-f946-492a-b212-ec91d48c9d65,DEPT_MGR,,Hoàng Tuấn Hoa,Nam,1978-03-25,2002-11-17,,20184260,"689 Lê Lợi, Q1, Hà Nội",0964284545,d17c2baf-8fa1-427c-8eb9-3c94d70ee72f
1f60734e-20f5-402c-bc15-0289a65641ff,DEPT_MGR,,Vũ Đức Thảo,Nam,1986-01-20,2011-09-29,,19491677,"797 Lê Lợi, Q1, Hà Nội",0894369930,c9e54f89-faa4-4466-b11d-1d22d6bda79e
8b637e87-c0d9-4b1d-923f-059dce211102,DEPT_MGR,,Trần Hoàng Hoàng,Nữ,1982-09-19,2011-05-12,,23032885,"241 Lê Lợi, Q3, Hà Nội",0916654053,6aaeae1f-4762-4a7e-be11-28210fb2de66
3f9ee2ce-7317-403d-a886-b5fee5fcb35f,DEPT_MGR,,Phan Minh Nam,Nam,1984-05-11,2009-10-22,,15801635,"282 Trần Hưng Đạo, Q1, Đà Nẵng",0758084891,4872492d-421d-44e0-bfa1-92e7624db5d5
d709f2f7-eb08-4bc6-a687-1a10be4bcd8e,DEPT_MGR,,Nguyễn Văn Hương,Nữ,1977-07-19,2002-03-18,,20152450,"190 Nguyễn Huệ, Q2, Đà Nẵng",0886353560,30887f83-a4ef-41bc-9bb1-acb19fab115a
fdcbe638-50e3-4b58-aaa6-dc12837d28ae,DEPT_MGR,,Phan Hoàng Hương,Nam,1975-11-09,1996-01-18,,23616740,"641 Trần Hưng Đạo, Q3, Đà Nẵng",0765610877,4e688aa0-14dc-46f8-af71-b0cdf2d2a8ea
d4ba2532-b741-4797-a1da-4e96efcc0b3d,DEPT_MGR,,Đặng Minh Minh,Nữ,1979-10-26,2003-07-05,,23498751,"94 Nguyễn Huệ, Q2, TP.HCM",0932105327,5eb7824d-157f-48b3-a30c-23a53dab5f28
ded1f58c-9a90-4b14-8a80-2596b8d64e92,DEPT_MGR,,Hoàng Hồng Hương,Nam,1987-11-25,2015-10-13,,20493671,"811 Nguyễn Huệ, Q3, Hà Nội",0952237020,2110b1f4-eff1-4370-b1c1-d1c612600c39
3e30141d-5fe2-43ac-b621-9ef4d8293080,DEPT_MGR,,Huỳnh Minh Hoa,Nữ,1984-11-11,2012-08-30,,20846787,"403 Lê Lợi, Q1, Đà Nẵng",0749604445,93a99200-b122-4a95-abf5-4e05f725f6bc
1141514f-acfa-4021-bce7-742f339b6ad5,DEPT_MGR,,Phạm Hồng Hương,Nữ,1978-08-22,2004-09-08,,24777307,"370 Lê Lợi, Q1, TP.HCM",0920916679,7b0b615d-fc30-4eb2-bdee-21f9c7f9e2ef
3ba6005f-ef5c-42a4-ad04-51dd8a7cb6d3,DEPT_MGR,,Nguyễn Hồng Hoa,Nam,1977-12-10,2007-10-03,,23289510,"215 Trần Hưng Đạo, Q1, TP.HCM",0898828937,4b40bcb2-6b2c-44fb-8a4b-b06b2cfa98d9
6c9500e4-41a7-4abd-90db-baf1d9119247,DEPT_MGR,,Nguyễn Thị Hoàng,Nam,1988-09-28,2012-10-30,,24557832,"537 Nguyễn Huệ, Q1, Đà Nẵng",0954807917,b0f36d7b-ad2b-4c48-b373-ae003ad700ca
310c6ef1-ae08-4758-ae08-1ee07f0bb3a5,DEPT_MGR,,Vũ Đức Hoàng,Nam,1981-02-26,2011-01-25,,15203298,"994 Trần Hưng Đạo, Q3, Hà Nội",0880676749,1415fb75-a968-4939-aeaf-06f44e6d1007
e007fe6d-aacc-4677-878b-3fb48a6f8f1e,DEPT_MGR,,Đặng Minh Hoàng,Nữ,1980-11-07,2001-04-24,,16332540,"843 Nguyễn Huệ, Q3, Đà Nẵng",0838003988,2d3b806c-db23-4e31-bda5-e33d2d01768f
8026c042-8cf0-45de-8f78-e6b327f528ee,DEPT_MGR,,Nguyễn Đức Hoàng,Nữ,1989-07-07,2012-08-10,,21624149,"39 Trần Hưng Đạo, Q2, Hà Nội",0765295212,116107fc-e10a-452e-8739-5c87ebd637ab
d9d56d1f-d4ae-45d4-a45c-964b73e47b06,DEPT_MGR,,Nguyễn Hoàng Anh,Nữ,1982-11-05,2006-09-06,,18740140,"423 Trần Hưng Đạo, Q3, Đà Nẵng",0885056135,6672e9d2-80cf-48aa-9268-7b0f80783b42
93c6aaca-bdf0-43ea-a954-c0c23f9bdb7d,DEPT_MGR,,Phan Đức Minh,Nữ,1984-10-20,2010-08-06,,18737187,"591 Trần Hưng Đạo, Q3, Hà Nội",0882242259,7c30a356-0364-44cf-8f12-83d473ec8154
a98c4456-00ae-4d07-a308-6d1e91085b02,DEPT_MGR,,Huỳnh Thị Anh,Nữ,1983-12-18,2006-09-23,,18553456,"567 Lê Lợi, Q2, Hà Nội",0779762729,c6f778dd-89fa-4c49-b5df-c8a6b4a0d83c
711ca97b-896d-4122-954e-c312190279c0,DEPT_MGR,,Huỳnh Đức Hương,Nữ,1976-05-23,1998-08-05,,15875105,"685 Lê Lợi, Q1, Hà Nội",0843182407,12f4d3ea-5b9c-4b48-be64-59a06b9ff2ff
1b89dda3-215a-4674-aa5c-08da76f55237,DEPT_MGR,,Vũ Hoàng Minh,Nữ,1989-05-19,2013-03-09,,22963053,"66 Lê Lợi, Q3, TP.HCM",0826064057,e83c2f24-ebcd-4578-a8e0-96c9c8e3fbbe
7a1f90b6-c595-43cc-b60d-01014e66126e,DEPT_MGR,,Võ Hữu Anh,Nữ,1978-10-13,1999-05-02,,18710321,"563 Nguyễn Huệ, Q1, TP.HCM",0876151372,5abf3917-6944-45fe-853d-dd570ef79feb
cd4ac619-2d38-4453-a78f-04455c82fedd,DEPT_MGR,,Hoàng Hữu Nam,Nữ,1977-01-17,1999-02-20,,24051347,"636 Lê Lợi, Q2, Đà Nẵng",0846658995,975e0a5c-bce9-4634-8d23-444ab5c4b4df
4d9743b5-4217-4da3-897c-561d38c8cd0c,DEPT_MGR,,Phan Đức Hương,Nữ,1975-03-17,1997-02-18,,15940677,"203 Nguyễn Huệ, Q1, TP.HCM",0867428391,76b3db2b-23f6-4bd6-ab6e-c5270817da12
b1d8d050-0ace-4c61-87a4-5537cdfe4de6,DEPT_MGR,,Đặng Minh Nam,Nam,1988-01-05,2011-04-01,,20063750,"260 Lê Lợi, Q3, TP.HCM",0815638374,785ccfca-2406-49b5-8316-1559cdcaad96
6be564e6-838d-4b1b-bdcd-5ad9de079750,DEPT_MGR,,Nguyễn Thị Đức,Nam,1980-02-25,2003-03-17,,16910184,"386 Lê Lợi, Q2, Đà Nẵng",0889453938,6232490d-9f94-45fa-8757-cd3243ed563b
1ee2892b-060f-4b6a-a83a-1498896cb206,DEPT_MGR,,Huỳnh Hồng Phương,Nam,1982-01-08,2007-07-12,,20161991,"221 Lê Lợi, Q3, TP.HCM",0823088735,b0135b59-8c2f-4516-b34f-d3b8d7e7ccad
33ff6ba9-b911-402f-bd88-542ac32243ed,DEPT_MGR,,Đặng Hữu Anh,Nam,1978-12-11,2004-01-24,,17139807,"420 Lê Lợi, Q2, Hà Nội",0950749264,ca8cdc48-b73c-416c-a03b-9ad2aa65bddb
c4d1592d-aefb-432c-b59e-e1b1962e3e7b,DEPT_MGR,,Võ Văn Hương,Nữ,1975-02-20,1998-12-29,,16904514,"392 Lê Lợi, Q2, Đà Nẵng",0813644122,0da12d3d-05de-486e-a62a-389439b6dec7
a79375e5-8170-47c2-ac33-7e0c8d84e890,DEPT_MGR,,Lê Hồng Nam,Nữ,1975-03-21,1997-03-14,,22135169,"349 Lê Lợi, Q2, Đà Nẵng",0931462302,2b6143d3-6b36-4e50-8fd7-27a8ac94bf5e
991979c1-78ca-4940-8c39-fe39fbae3944,DEPT_MGR,,Lê Văn Phương,Nam,1984-05-06,2005-12-07,,22052859,"265 Trần Hưng Đạo, Q1, TP.HCM",0912231555,7945f4ed-0ecd-466c-98cb-afcc90227b81
166e3205-f343-4200-b335-626af0ce001a,DEPT_MGR,,Vũ Văn Phương,Nữ,1983-07-03,2008-08-01,,19775058,"344 Lê Lợi, Q1, TP.HCM",0798797967,4d44531c-932a-4576-9e8b-3a1fdda1bac2
e4e57f96-df94-4bf7-a14f-c0fe59257820,DEPT_MGR,,Huỳnh Tuấn Phương,Nữ,1989-03-10,2009-12-18,,18920825,"605 Nguyễn Huệ, Q3, Hà Nội",0791745555,427c8032-07b0-4889-8792-d17c88960f86
c08567eb-45a5-4eba-a2ea-69ebbb43ecbd,DEPT_MGR,,Phan Thị Minh,Nữ,1983-07-24,2006-12-23,,21166589,"891 Trần Hưng Đạo, Q1, Đà Nẵng",0855553656,1211f423-9830-42ea-8b77-b69c76b9885b
39af8fd5-b97f-4b45-ac62-3e14c28b86c2,DEPT_MGR,,Huỳnh Tuấn Phương,Nữ,1983-12-04,2006-07-21,,15008153,"804 Lê Lợi, Q3, Hà Nội",0861324742,487f277d-e31e-4097-85f1-1adc22bccfa6
0d292dbe-e7d8-471f-a54e-8e2b00131813,DEPT_MGR,,Phạm Anh Phương,Nam,1975-08-04,2003-11-22,,17101405,"974 Lê Lợi, Q3, Đà Nẵng",0760745576,6011ce6f-e236-4e39-84aa-befbc52d8155
a0647067-846c-4a59-89bd-a20821fcbebe,DEPT_MGR,,Trần Anh Anh,Nữ,1989-11-15,2017-05-20,,23865138,"382 Lê Lợi, Q2, TP.HCM",0928796877,3b7d7ce5-4edb-4c83-9a5d-09baa8ce5165
f0e3ccf2-2527-44c4-b53c-4f0663b33995,DEPT_MGR,,Võ Hoàng Hoàng,Nữ,1980-12-09,2009-09-14,,18944891,"802 Lê Lợi, Q1, TP.HCM",0999054315,ccb3791e-d2de-4458-97fe-e196f7bea9cc
d81c7fd3-af19-45d7-b253-7e310fb8d4cb,DEPT_MGR,,Phan Hồng Đức,Nam,1986-03-12,2015-12-25,,16598166,"672 Lê Lợi, Q3, Đà Nẵng",0883454339,94388dd8-819d-4332-a78f-5b8d192de604
6b964f3b-21c9-4d58-ab33-99ff96e286d0,DEPT_MGR,,Huỳnh Tuấn Hương,Nam,1978-08-30,2005-02-20,,24633266,"784 Lê Lợi, Q3, TP.HCM",0725135043,01bf30ac-c0e3-4b96-994c-d69a4f5b1612
72173608-ab48-407d-b414-92917fab20b5,DEPT_MGR,,Phạm Hồng Phương,Nam,1988-07-28,2017-04-04,,18015980,"523 Lê Lợi, Q2, Hà Nội",0820715994,3a30cd34-1dec-4c6c-aedb-6c5dd024d75c
a961881c-f965-4aad-87ad-9684951975d0,DEPT_MGR,,Trần Anh Anh,Nữ,1982-08-28,2005-11-19,,16129916,"269 Lê Lợi, Q2, TP.HCM",0886946210,7c0bc65d-010d-432f-9225-06fcf46df011
241b5744-9949-4a9a-91b7-5e98bb0c52ba,DEPT_MGR,,Phạm Văn Hoa,Nữ,1982-05-07,2007-10-01,,18404242,"166 Trần Hưng Đạo, Q3, Đà Nẵng",0710919959,d96d9f33-f1d4-44be-96ba-ca0ed85d92d1
43ac1519-3295-4b3c-a9bf-ba6c20b7db18,DEPT_MGR,,Vũ Văn Hoa,Nữ,1978-09-06,2000-04-17,,15452213,"118 Trần Hưng Đạo, Q1, TP.HCM",0785783874,f6803e52-4634-4568-aab0-a0a2359711bc
2ffaa976-8a1b-4ea5-82cc-a4f04ea2f5dc,DEPT_MGR,,Hoàng Minh Anh,Nam,1984-09-24,2006-02-07,,21974928,"455 Trần Hưng Đạo, Q2, Đà Nẵng",0869154660,69075db5-a623-4fd6-9d02-79c18757fec6
34c58df1-9f75-44a8-8d44-aacda042f254,DEPT_MGR,,Phạm Hữu Hoa,Nam,1975-04-12,2002-07-06,,16406200,"883 Nguyễn Huệ, Q2, Hà Nội",0839586644,8f28f7da-04f3-4b49-a9a8-64e2391bb7ac
b4e9a169-fadf-4e24-ba5d-ed40c734374c,DEPT_MGR,,Đặng Anh Nam,Nữ,1977-04-18,2006-12-14,,20781964,"351 Trần Hưng Đạo, Q3, TP.HCM",0876013398,e4b340ae-bd53-4b2c-8f10-bc7378c30eba
6af7db30-e107-4f5f-b75f-10ca0bc8ca54,DEPT_MGR,,Đặng Thị Phương,Nữ,1988-01-15,2015-04-18,,15207462,"231 Nguyễn Huệ, Q3, Hà Nội",0772035288,18e2e6ed-6136-420c-aa94-c564f47252fb
b5c45fa3-ec5e-4b10-89eb-486677412f62,DEPT_MGR,,Vũ Anh Minh,Nam,1980-05-02,2009-10-16,,17226131,"422 Lê Lợi, Q2, TP.HCM",0787420834,8d47fe4d-a248-40e2-a847-95f7813f2bdb
2b1df3aa-d739-4af8-bfd5-52a77be8578b,DEPT_MGR,,Trần Văn Thảo,Nữ,1982-11-19,2004-10-28,,18708776,"352 Nguyễn Huệ, Q2, TP.HCM",0910666833,3a871b9f-dcd2-45aa-9cc2-fa1ef5d545ab
bf873739-caef-40fd-8c3d-517c3799914c,DEPT_MGR,,Phan Đức Nam,Nam,1982-02-22,2010-02-15,,24577934,"774 Trần Hưng Đạo, Q3, Hà Nội",0982230147,981c83c8-3ab7-43c7-bd0a-502ed886e53a
51acd779-20c8-4597-bf73-829c23ce65f6,DEPT_MGR,,Hoàng Hoàng Anh,Nam,1987-03-24,2012-03-03,,18028971,"396 Nguyễn Huệ, Q1, TP.HCM",0848751687,a7b8dc30-e8e4-4a9c-8ec1-7414366aa3ea
ce4a15ee-76f9-4e5e-a2ce-169f4b2c7c2c,DEPT_MGR,,Phan Đức Thảo,Nam,1982-05-18,2008-02-29,,22857715,"327 Nguyễn Huệ, Q3, TP.HCM",0710866783,a5327598-7f56-4310-87fa-7d76741950da
36fece06-34f5-4a1a-8486-4fe96fa7bc3d,DEPT_MGR,,Võ Hồng Hoa,Nữ,1976-08-13,1997-05-05,,18629343,"742 Nguyễn Huệ, Q2, TP.HCM",0980720163,9d966f0c-98e1-4824-aece-bce9b1f6180f
8754ec01-84f6-4219-90e9-510ccbc2d9a9,DEPT_MGR,,Hoàng Hữu Anh,Nam,1989-04-15,2017-03-14,,18862859,"314 Nguyễn Huệ, Q2, Đà Nẵng",0999540438,672ccc0f-75d0-49a0-8d49-fa28b70bc701
5ad0eb63-23f4-43fb-b7bd-6143bc82862b,DEPT_MGR,,Nguyễn Hồng Anh,Nam,1977-03-26,2002-04-04,,22292258,"682 Lê Lợi, Q1, TP.HCM",0822188705,4cd23686-0761-4f76-b104-feb3003c7712
4ac76eaa-3816-40b6-bca5-607b724f8b22,DEPT_MGR,,Huỳnh Hồng Phương,Nữ,1976-05-15,2000-10-21,,20280621,"694 Nguyễn Huệ, Q1, Hà Nội",0730762624,70b5b1d8-2426-467c-add7-1d2e36463a17
b2ef655d-87ed-4f3a-9cbf-864ea0d0b713,DEPT_MGR,,Hoàng Minh Anh,Nam,1983-04-07,2003-12-01,,15744771,"137 Trần Hưng Đạo, Q3, Hà Nội",0886457650,9441e55b-6fde-4e2e-8513-24fbc9dab593
d80b21c1-01e5-4d46-9f57-b34c3fa5ac26,DEPT_MGR,,Vũ Minh Anh,Nam,1989-07-26,2018-04-06,,18140234,"299 Nguyễn Huệ, Q1, Hà Nội",0729708385,85a36bb3-ad65-4e25-ab03-872db9989590
5c484a24-3b0b-4baf-8964-75063adbe135,DEPT_MGR,,Võ Tuấn Anh,Nữ,1977-12-10,2000-03-12,,22238991,"594 Lê Lợi, Q3, Đà Nẵng",0789920850,1b8ccbf2-0a15-4fe6-b84e-ae8cc037a34a
e4cac080-aef8-480d-a433-0e6bbe050509,DEPT_MGR,,Hoàng Hữu Minh,Nam,1982-11-01,2010-07-20,,21629834,"117 Trần Hưng Đạo, Q1, Hà Nội",0948786703,7d5527a3-1afd-4e19-866e-7492beebb819
bb4b9628-0bab-42a7-9d53-53f96e004c47,DEPT_MGR,,Nguyễn Tuấn Nam,Nam,1981-09-22,2005-06-23,,15698647,"352 Nguyễn Huệ, Q1, TP.HCM",0791262889,14520908-f542-4c43-b47c-c2adb2d2f9b2
5f42bb98-a469-44a1-bf8b-2b6120fe7556,DEPT_MGR,,Nguyễn Hoàng Đức,Nữ,1978-07-27,2008-05-06,,21057572,"386 Nguyễn Huệ, Q3, Hà Nội",0951197428,c6e51c96-5c54-4539-b559-77dad2990c8f
4b039b0c-1a43-4cbe-b785-4a1106ef176b,DEPT_MGR,,Nguyễn Tuấn Anh,Nữ,1981-07-10,2006-01-23,,19142520,"200 Trần Hưng Đạo, Q2, Đà Nẵng",0794365978,a516d161-5175-4384-afcf-b78d317adb49
90a7f589-0cbd-4ed2-af33-abfd576c51a1,DEPT_MGR,,Huỳnh Thị Đức,Nam,1987-05-24,2014-02-26,,22629882,"101 Trần Hưng Đạo, Q3, Hà Nội",0889268105,bfdff3b8-7f15-45a8-b808-d9e2e4f09255
763eab5e-b7e8-46f7-9846-83651e2df9bb,DEPT_MGR,,Võ Đức Đức,Nữ,1976-02-29,2003-09-10,,21250960,"123 Nguyễn Huệ, Q1, Đà Nẵng",0988247445,3cc12bcb-8ade-446c-8187-1d9942cadc6f
f16e0e71-3dd4-4133-86d6-7e4bf8e07735,DEPT_MGR,,Huỳnh Minh Minh,Nữ,1980-09-25,2003-08-18,,21396865,"300 Lê Lợi, Q3, TP.HCM",0998359317,6cc467e3-5b3c-40c9-a040-2c5cb4710ad5
c4ad86f3-62a6-4962-b858-dcde6e8c51c8,DEPT_MGR,,Nguyễn Tuấn Nam,Nữ,1975-06-30,2004-02-15,,22107855,"2 Trần Hưng Đạo, Q2, Đà Nẵng",0854317886,20635c36-7b75-4271-8340-293e889fc9b2
a70da974-eafe-430b-bf08-110e260eaa26,DEPT_MGR,,Lê Tuấn Nam,Nam,1976-06-25,2004-12-14,,24731057,"605 Nguyễn Huệ, Q2, Đà Nẵng",0962800275,819aa0c7-40f9-470f-9435-eac557786543
4d173ab1-b065-460e-a441-d032be0c0165,DEPT_MGR,,Trần Văn Phương,Nữ,1982-01-24,2007-06-13,,24478852,"61 Trần Hưng Đạo, Q3, Hà Nội",0920053383,05a0c02e-3145-4545-8d4f-816556369949
a8cd3fcc-55f1-4767-84ec-ef6d925096da,DEPT_MGR,,Huỳnh Thị Hoàng,Nam,1981-08-13,2009-10-07,,19665066,"658 Lê Lợi, Q3, Đà Nẵng",0743675632,70ebe123-7202-4e6b-b1f4-7b9f1834389d
770c869b-1029-4370-9be4-0ed823e33740,DEPT_MGR,,Đặng Anh Đức,Nam,1975-06-01,2002-11-21,,23720359,"801 Lê Lợi, Q1, Đà Nẵng",0954183632,504e384c-bffb-4c0c-a8af-2acbaa536523
424b3bd6-d652-4173-98da-074cbabcc78d,DEPT_MGR,,Hoàng Hồng Minh,Nam,1981-02-12,2009-04-02,,24650266,"900 Trần Hưng Đạo, Q2, Hà Nội",0751328955,004b15ff-c2ee-4ba0-a9c6-28b9fb86ef7b
1e18b811-cb75-4f64-a50d-d49445d5140b,DEPT_MGR,,Võ Đức Thảo,Nữ,1980-10-14,2006-03-12,,17587994,"934 Trần Hưng Đạo, Q3, Đà Nẵng",0939108223,9e946f06-f494-40bf-ba60-6247004b66c1
70f88888-8201-41ba-a2d0-6a62fc343891,DEPT_MGR,,Vũ Anh Hoàng,Nữ,1988-09-09,2009-03-29,,18565384,"923 Lê Lợi, Q1, Hà Nội",0828531580,0fd5e2ac-9d79-406b-bd17-6350099a8339
cb7f9773-ec1b-498d-a415-c6e3ead6d176,DEPT_MGR,,Trần Văn Đức,Nữ,1985-11-27,2007-12-23,,16661673,"971 Lê Lợi, Q3, TP.HCM",0912635999,3d1c462d-5046-4297-a2bf-dee23ff282d1
bb4875fa-d508-4c16-bda8-1429a6f7bd25,DEPT_MGR,,Phạm Minh Đức,Nam,1980-02-15,2003-05-11,,17750295,"828 Trần Hưng Đạo, Q1, Đà Nẵng",0998375225,45bec9ac-20e4-4e8f-86f6-5ed56795a1df
e0f72339-06af-4ea7-ad75-02a082d18da1,DEPT_MGR,,Huỳnh Đức Thảo,Nam,1982-01-11,2008-04-02,,21318927,"15 Lê Lợi, Q2, TP.HCM",0873955375,f17f2364-1623-48db-9e64-b21b3bad7618
9d86ad83-6e80-4528-94b9-1732a4b74628,DEPT_MGR,,Đặng Minh Hoa,Nam,1976-02-07,1999-11-02,,15225027,"11 Trần Hưng Đạo, Q1, TP.HCM",0824607628,ddf3aeac-b00e-45fc-a913-0d9bcb42f0ee
8d6bf66c-503d-4062-af6a-da0f5646b01c,DEPT_MGR,,Phan Đức Minh,Nam,1987-04-08,2009-07-16,,19183622,"384 Nguyễn Huệ, Q2, TP.HCM",0869921907,1e16ad6e-3a2a-470f-9f1b-7a9414759d49
78ab9ee3-e6e3-47af-867f-aa730936945e,DEPT_MGR,,Vũ Anh Anh,Nam,1984-02-13,2012-02-09,,22574328,"346 Lê Lợi, Q3, TP.HCM",0860522500,6708c8bf-1113-4468-bd80-fc4df1db2dde
0c66bac3-041c-4074-bfb4-36b90ac89d15,DEPT_MGR,,Phạm Hồng Phương,Nam,1977-12-14,1999-08-03,,22630732,"845 Nguyễn Huệ, Q3, Hà Nội",0745964777,436941a8-99f1-4505-82db-def8f3b4c067
992eb02c-1d97-4b88-a203-faab4a4fe1e4,DEPT_MGR,,Nguyễn Anh Anh,Nữ,1986-07-19,2007-02-26,,22728280,"888 Nguyễn Huệ, Q1, Hà Nội",0871389180,6efd558a-8155-4ca0-b3b6-e52965f9d1df
8b6c3ad7-30ae-4596-a7f0-a163911a1935,DEPT_MGR,,Trần Hoàng Minh,Nữ,1976-12-28,1998-12-28,,22558751,"372 Nguyễn Huệ, Q1, Đà Nẵng",0791606760,d3acd0d5-085d-412c-9d39-1488ac74375a
c1a1730c-fcda-4457-aee7-1a2a7895efe8,DEPT_MGR,,Phan Văn Thảo,Nam,1981-06-11,2001-10-10,,23544406,"101 Trần Hưng Đạo, Q3, TP.HCM",0938378802,e2b624c4-7a02-44e4-a62d-0641299e9677
3579bbab-368a-4bd0-91bb-6f95255e5bc8,DEPT_MGR,,Lê Hoàng Phương,Nam,1988-09-12,2017-05-02,,22699158,"164 Nguyễn Huệ, Q3, Hà Nội",0794589719,8e4f5060-be2f-499d-b7f3-e4f30c1a4283
c3dd6c26-dc75-40ef-9da7-1b2e29ca4feb,DEPT_MGR,,Trần Minh Đức,Nam,1988-01-18,2017-01-20,,15296548,"425 Nguyễn Huệ, Q1, Đà Nẵng",0745119508,9a02a24f-01fd-472b-8dc7-68e2ff9047eb
09a68698-e9e7-4196-9ca2-e76ee46864ea,DEPT_MGR,,Huỳnh Anh Nam,Nam,1981-03-01,2009-11-05,,18599221,"278 Nguyễn Huệ, Q2, TP.HCM",0787556457,71f82eed-319a-4207-b7df-20488b06ede4
7fe76b90-d258-434a-b557-58b1c37c4e8f,DEPT_MGR,,Hoàng Văn Thảo,Nữ,1980-04-01,2007-09-30,,19254026,"580 Trần Hưng Đạo, Q3, Đà Nẵng",0755047269,266421e7-8dc1-41f2-9f50-d31dbf388b6e
820cac26-85dd-43b1-a894-6814812bef72,DEPT_MGR,,Hoàng Đức Hoàng,Nữ,1986-02-19,2007-06-10,,16088557,"848 Nguyễn Huệ, Q2, TP.HCM",0720667878,d5a7622e-c57e-49a9-8113-e5627a3428fa
db482f34-7807-4c90-8221-ae6682707c1e,DEPT_MGR,,Huỳnh Đức Hương,Nữ,1980-06-30,2003-11-10,,19796580,"291 Trần Hưng Đạo, Q3, TP.HCM",0933034905,6c773dd4-5786-41ae-a4da-8e16a970e2d2
93b7ac39-2cfa-4460-aa0c-4ce267cf3791,DEPT_MGR,,Lê Hồng Minh,Nam,1980-06-01,2002-02-26,,17054249,"163 Nguyễn Huệ, Q2, Đà Nẵng",0898119423,fb180aed-c547-4526-b132-b0bfb484ad9e
38d4e0e4-5d9e-41d1-ba84-b3ba3cf53a47,DEPT_MGR,,Vũ Hữu Hương,Nam,1987-06-03,2017-05-12,,18286452,"88 Nguyễn Huệ, Q3, Đà Nẵng",0926853767,920946b2-e14a-4790-9a28-0c00c0bec6e5
0efa4d8e-6882-4767-82bb-e45f69efdac2,DEPT_MGR,,Trần Hoàng Anh,Nam,1981-03-02,2009-12-30,,22833551,"921 Lê Lợi, Q1, Hà Nội",0725467715,7769fff2-019e-4a36-9330-a27d2f717084
3676d873-c3e7-4635-9027-3469b37439cf,DEPT_MGR,,Hoàng Đức Anh,Nữ,1984-03-18,2010-10-30,,24719921,"986 Nguyễn Huệ, Q1, Hà Nội",0837528337,204ed293-9eb2-4256-969a-7b67090fe5f8
40aff2c5-ca70-4b29-840b-6b831cbbb40f,DEPT_MGR,,Võ Anh Minh,Nam,1983-05-01,2005-08-31,,22691227,"319 Lê Lợi, Q3, Đà Nẵng",0851819094,8ee53699-190c-4152-8d3c-37d6ac8624d4
adaeb671-ccd0-4d3a-9f78-0d5dba7041c9,DEPT_MGR,,Đặng Thị Thảo,Nữ,1981-04-26,2007-09-26,,21771956,"735 Nguyễn Huệ, Q3, TP.HCM",0945780714,81a1baca-a0f4-4e68-b6da-17e81d9ac122
3e8d0ffc-3fb5-4e5f-8f97-bbbe9fd02025,DEPT_MGR,,Vũ Văn Nam,Nữ,1982-09-06,2005-12-13,,15699868,"510 Lê Lợi, Q3, Hà Nội",0940597643,00e8568b-7d71-4a85-8f37-76372e366733
95118f12-0451-40e7-aac4-9faa45e4269d,DEPT_MGR,,Đặng Tuấn Hoàng,Nam,1982-02-08,2004-03-26,,18803333,"44 Nguyễn Huệ, Q3, Đà Nẵng",0930711693,e822566c-ff54-41da-b500-d359e1e88aee
1a3a0c2c-bba9-4013-b5f8-526adb39456a,DEPT_MGR,,Võ Anh Thảo,Nam,1983-03-07,2011-03-21,,17813601,"269 Nguyễn Huệ, Q1, Đà Nẵng",0933557259,4da353ed-a79c-46b9-8b87-26ddf031bae2
a60ef7ae-8570-4480-9cf7-8a7c580e3def,DEPT_MGR,,Đặng Minh Hương,Nữ,1982-04-22,2004-01-05,,23658887,"820 Nguyễn Huệ, Q3, Hà Nội",0889781983,607c1864-5885-47bb-b1a5-c39d3ffbf3fa
e0b42e97-24a3-4254-a844-cc87c66716b9,DEPT_MGR,,Võ Anh Hoàng,Nữ,1984-01-30,2012-05-15,,24449553,"228 Trần Hưng Đạo, Q1, Đà Nẵng",0988328357,74a01a48-e6cc-42a9-b83b-c0c8439935f6
07327ba1-d923-467e-8f22-9d4d637b159a,DEPT_MGR,,Vũ Tuấn Hương,Nam,1978-07-15,2007-06-13,,22269005,"251 Nguyễn Huệ, Q1, Hà Nội",0849686349,55610ab5-2b05-4e6b-a438-25f936323a54
4680e4b8-d80d-44a8-896d-7a1aebb5d2fe,DEPT_MGR,,Đặng Hồng Nam,Nam,1986-08-31,2014-04-02,,20969523,"162 Lê Lợi, Q3, TP.HCM",0749857739,a8eda0e0-b22b-4b67-b632-d957b5faceef
47d8a900-4b6d-4e76-9681-1ca3f7add344,DEPT_MGR,,Vũ Hồng Hoa,Nữ,1982-10-01,2007-07-23,,22359926,"171 Trần Hưng Đạo, Q1, TP.HCM",0884516138,4396a408-03c6-465c-ab86-a120598d130c
774a40f1-2227-4ee4-b102-c4ec6d3a4814,DEPT_MGR,,Phạm Minh Minh,Nữ,1981-03-23,2001-08-24,,23846319,"113 Trần Hưng Đạo, Q3, Hà Nội",0814688350,88524138-7741-4eb6-95ca-64dbe43c673f
8386aebc-af71-42a8-9e7d-62a95c30dc55,DEPT_MGR,,Đặng Thị Đức,Nam,1988-11-02,2012-06-16,,16037285,"434 Trần Hưng Đạo, Q2, Hà Nội",0769454543,bbbd7bf6-b848-4602-9648-a02bf25f7b40
17115518-b996-4bb7-a222-65fcdce73d89,DEPT_MGR,,Phạm Minh Minh,Nam,1983-05-18,2010-07-14,,15308410,"288 Lê Lợi, Q2, Hà Nội",0967934004,74d8e3a9-a39f-44a2-9371-01e21f380a8b
89751b25-0cb9-4f18-b386-f23d61f59eb8,DEPT_MGR,,Phạm Đức Thảo,Nữ,1979-08-31,2007-05-28,,15396055,"863 Nguyễn Huệ, Q2, Hà Nội",0782426299,e8f2fc9e-20e7-457b-b098-49075e956ff3
a8e2969a-7c5a-4322-9a24-ffbfddb4b446,DEPT_MGR,,Huỳnh Hoàng Anh,Nữ,1987-01-13,2013-06-23,,24129034,"800 Trần Hưng Đạo, Q2, Hà Nội",0943848370,f28b8c5e-9400-4dfd-bdc6-6106f021a872
913cf224-4df9-41ee-a5ac-ba657d0897e0,DEPT_MGR,,Phan Hồng Thảo,Nữ,1977-09-05,1998-01-22,,17322435,"543 Trần Hưng Đạo, Q2, TP.HCM",0977273559,e0cd2408-c140-40b3-9837-c456606c2dc1
e1580c66-bccb-4b5e-9ab2-6c151a9d8493,DEPT_MGR,,Võ Hữu Thảo,Nữ,1982-02-09,2005-09-20,,21126371,"562 Trần Hưng Đạo, Q1, Hà Nội",0869546937,554d54ca-b8e5-4bb2-88f5-fabc265fd63c
71a20cfc-9fc3-485a-a974-21b8f59406ee,DEPT_MGR,,Huỳnh Anh Anh,Nữ,1981-09-14,2003-11-27,,15724766,"68 Trần Hưng Đạo, Q1, TP.HCM",0934812303,6d49ec52-4661-4377-b844-4dab3f181e1c
79c88e20-4e55-4f2f-b9fc-be000916985e,DEPT_MGR,,Huỳnh Hoàng Phương,Nữ,1975-07-26,2005-04-21,,16527778,"664 Lê Lợi, Q1, TP.HCM",0958322479,bf559890-1326-4fb3-8acd-9e3a5fd3917b
5b6a7b02-7a37-4fda-9f71-2a4819a588da,DEPT_MGR,,Hoàng Anh Hoàng,Nam,1981-04-28,2009-10-21,,22910666,"321 Trần Hưng Đạo, Q1, TP.HCM",0723717029,1bcd5856-c43f-488c-b685-967948897a59
52d4eebc-46f5-4036-ba30-2646027b627e,DEPT_MGR,,Huỳnh Minh Hoa,Nam,1983-03-30,2005-06-05,,23577498,"863 Nguyễn Huệ, Q3, Đà Nẵng",0880265868,3b2d67b8-0b41-4ae5-a54b-2ac558884be1
1ae26e8c-f7a7-4d0c-a5da-d9a7ad54f4ef,DEPT_MGR,,Phạm Hoàng Nam,Nữ,1985-10-22,2012-08-13,,24962503,"436 Lê Lợi, Q1, TP.HCM",0877231651,02c44134-d724-4ecd-9c00-8f4adf64a6d0
3bfbdd05-65ef-4894-9b39-4e6c95c6d1cd,DEPT_MGR,,Phạm Đức Đức,Nam,1982-08-13,2011-07-29,,19692305,"403 Nguyễn Huệ, Q2, Hà Nội",0819930856,978e9eb1-591b-4dea-90cd-f7e30d22504e
398b2175-6d2d-4a4f-9fb8-1b63a3ad21aa,DEPT_MGR,,Hoàng Hoàng Hương,Nam,1975-12-08,2002-06-13,,17474466,"919 Lê Lợi, Q1, TP.HCM",0997586696,82f9f253-6aa8-410f-8d1c-955940773510
07fa013e-989d-437f-abd2-b7dc3740a61b,DEPT_MGR,,Đặng Hữu Nam,Nữ,1975-01-18,1995-06-14,,22804455,"943 Nguyễn Huệ, Q3, TP.HCM",0951294524,9c3fb22f-4c1d-46ba-8366-71e49486ef10
a43481fa-66a2-4dc7-a4d6-9c0d37ee746d,DEPT_MGR,,Trần Đức Hoa,Nam,1977-06-17,1997-07-03,,22839924,"5 Lê Lợi, Q2, Hà Nội",0759918028,e955b4ea-7c25-47b5-8dcb-5856e0cce669
837c989c-fed3-4622-ad7b-10cafb091361,DEPT_MGR,,Võ Thị Phương,Nữ,1978-03-02,2005-08-25,,15345899,"328 Nguyễn Huệ, Q1, Đà Nẵng",0827921369,d7933b70-3d81-43e7-974d-923df6549574
3fa5107a-405a-48e3-8f5d-37475189d9cb,DEPT_MGR,,Đặng Tuấn Đức,Nữ,1983-04-14,2007-03-24,,22647225,"250 Lê Lợi, Q2, Đà Nẵng",0962420810,b3d36585-4748-4f43-bce3-b689fefaee2f
ad51671a-55a0-48b4-8d78-43dfe2575268,DEPT_MGR,,Lê Thị Thảo,Nam,1983-02-07,2009-10-23,,21937025,"700 Lê Lợi, Q3, Hà Nội",0835419843,57e55cd7-8350-4ee1-84fb-e26924ca3c7d
527eddcd-1409-4bc8-9b8f-a539517c684f,DEPT_MGR,,Phan Hoàng Thảo,Nữ,1981-10-27,2009-03-02,,22066736,"628 Lê Lợi, Q3, Hà Nội",0945640297,0f05a50f-2c5d-4a08-9fef-fe7b477eac38
8df48b7b-ffc9-4dc8-a76d-7c4c0d34cd2d,DEPT_MGR,,Huỳnh Tuấn Minh,Nam,1975-05-15,1997-04-16,,22781390,"501 Trần Hưng Đạo, Q3, Đà Nẵng",0718962203,fcfa7768-4991-4e51-a7f4-e2afc29b552e
2abc477b-2955-49b5-9683-4ef181fb39ab,DEPT_MGR,,Phan Hữu Anh,Nam,1987-07-03,2012-08-05,,15730463,"254 Nguyễn Huệ, Q1, Đà Nẵng",0737959847,3d8dffdc-93f3-4cfd-9a80-85e800e26972
651965bf-a00c-4c43-b25f-3daa22c951cb,DEPT_MGR,,Huỳnh Tuấn Thảo,Nữ,1978-02-21,2000-09-01,,22745802,"207 Lê Lợi, Q3, Đà Nẵng",0767735419,029d74a4-1589-4475-bbb7-9c07e4f827cd
6d62f6d5-dcf0-4e69-a33e-7dba41237ed2,DEPT_MGR,,Vũ Hoàng Phương,Nữ,1980-07-19,2010-02-09,,21446747,"588 Nguyễn Huệ, Q2, Hà Nội",0911964560,0086990c-9d5e-4a8a-b8d7-ab87d894b864
f3ff31ee-49f3-49c3-9228-ce2e99ff3594,DEPT_MGR,,Hoàng Tuấn Đức,Nam,1981-10-20,2007-02-28,,18872532,"29 Nguyễn Huệ, Q1, TP.HCM",0995671242,dcf5e918-2907-48d3-a1a9-e971c68557f8
df39848b-a90a-4cf4-a43c-09b42e962a94,DEPT_MGR,,Trần Tuấn Anh,Nam,1977-05-18,2006-03-25,,21290486,"144 Lê Lợi, Q3, TP.HCM",0768774725,2a7bbf3b-d732-4099-a77b-c34afd14a8b2
ec1690b8-dc4f-41a2-bc52-749783b48f75,DEPT_MGR,,Nguyễn Tuấn Anh,Nam,1987-05-10,2010-07-19,,24253425,"170 Trần Hưng Đạo, Q1, Đà Nẵng",0866907887,54da855c-bd60-44cd-81d0-db69dfac87b4
e82c5b41-4dac-437b-9aa1-9877c8510089,DEPT_MGR,,Lê Hồng Đức,Nam,1984-11-29,2007-02-16,,18122057,"915 Lê Lợi, Q3, TP.HCM",0918253804,48a50ec7-b082-4a2a-8ff6-2f9365ebed2f
2e80524d-1668-49b6-82d8-c7cd06b592c1,DEPT_MGR,,Phan Minh Anh,Nữ,1989-01-11,2017-05-25,,16568759,"20 Lê Lợi, Q2, TP.HCM",0850190955,00b0364e-4209-42a9-a1b4-6f9dca492889
b2cf4b48-b27d-431d-b502-c4dcdb97d12f,DEPT_MGR,,Nguyễn Anh Thảo,Nam,1978-12-07,2006-07-30,,20112278,"462 Nguyễn Huệ, Q3, Đà Nẵng",0734070324,65667043-184d-442a-a4f2-00d370eda04f
8e34d81c-4168-4ebb-a4bd-cfdf719d7634,DEPT_MGR,,Phạm Đức Minh,Nam,1983-01-28,2007-02-08,,18051067,"136 Nguyễn Huệ, Q1, TP.HCM",0983071175,f07348bb-abc1-43d8-9ec8-6b4644b50903
028bbe2a-0606-4ad5-b948-3094ac1d2c2f,DEPT_MGR,,Trần Minh Hoa,Nam,1975-04-27,1999-06-27,,21196188,"436 Nguyễn Huệ, Q2, TP.HCM",0953592342,9e83a3b2-f195-42cf-9366-e5887ce72275
2daec208-5626-4fb7-9367-e73f1d15617a,DEPT_MGR,,Nguyễn Anh Phương,Nam,1982-11-20,2010-05-26,,19900535,"699 Nguyễn Huệ, Q1, Hà Nội",0894518970,3290cf09-83f3-43c2-9ac7-55cf78d55958
a465100b-d851-4722-b522-94dd1c81fd94,DEPT_MGR,,Vũ Hoàng Phương,Nữ,1975-10-28,1995-12-23,,18870799,"502 Lê Lợi, Q1, Đà Nẵng",0997535316,1e0b44f8-6113-442f-8624-3d4611ed07ab
d360cd93-23dc-4a3a-8e8e-b7f6e995b38b,DEPT_MGR,,Lê Hồng Minh,Nữ,1985-11-25,2007-06-22,,20106459,"515 Trần Hưng Đạo, Q1, Hà Nội",0783385845,3513422b-1886-47d6-a8f3-7c4a885744f8
ab1c5536-c4e3-4582-941b-68c8cadc5d9a,DEPT_MGR,,Trần Hữu Đức,Nam,1988-09-02,2018-04-27,,24844162,"451 Trần Hưng Đạo, Q3, Hà Nội",0836000244,2dad99d6-0024-4e98-8532-ec4fe0a1e8d7
9646511d-3237-4dc9-8c53-cbe6bfbdce63,DEPT_MGR,,Đặng Hữu Hoàng,Nữ,1988-12-14,2010-10-06,,20743174,"867 Nguyễn Huệ, Q2, Hà Nội",0770022376,85fc91f0-c9fd-456c-a920-9525188df5a4
5aa6a7d2-0906-4603-83f9-4babf1ac660c,DEPT_MGR,,Trần Hữu Minh,Nam,1983-05-10,2007-12-01,,21806321,"529 Trần Hưng Đạo, Q1, TP.HCM",0761226491,eb3f7517-77f1-4141-8626-e69f8f4f6c47
35390fcf-e46a-4292-886c-00168ed9022e,DEPT_MGR,,Trần Hồng Đức,Nam,1983-09-04,2013-07-10,,16887192,"934 Trần Hưng Đạo, Q1, Hà Nội",0871957014,c15c3aaa-2f8f-4d44-ae5b-98d345607ac8
79b9a093-5672-459f-8053-f16f1e7c2cc1,DEPT_MGR,,Đặng Tuấn Hoàng,Nam,1982-07-18,2005-05-28,,20991817,"201 Lê Lợi, Q2, TP.HCM",0797833442,5f99b5c6-ffc9-48c3-a6de-916c1b90ac9b
439a6fe7-e6ec-44b3-8a93-db589e01c6db,DEPT_MGR,,Đặng Hoàng Đức,Nam,1986-02-16,2014-06-08,,21991622,"159 Trần Hưng Đạo, Q2, Đà Nẵng",0831753665,ee7e6d06-76df-4fd6-a3ae-a9162e34229a
3bc48af9-29f4-479e-aef6-a3ea8803ff4e,DEPT_MGR,,Lê Hữu Hoa,Nữ,1981-05-17,2003-08-19,,24991865,"661 Lê Lợi, Q1, Hà Nội",0837297628,593d9eab-26ae-4000-97af-229e05f1f111
23689cb9-a49a-441e-99f0-26e57292da79,DEPT_MGR,,Đặng Thị Hoàng,Nam,1987-11-05,2015-04-29,,16022130,"729 Trần Hưng Đạo, Q3, TP.HCM",0924726856,c61fefa7-052c-4a92-8947-28d350bf7978
b3c4c15d-aeac-490c-bd6d-714eeb4331e8,DEPT_MGR,,Huỳnh Hoàng Nam,Nữ,1981-09-01,2004-11-20,,16735990,"754 Lê Lợi, Q1, TP.HCM",0937212788,10b1946a-774a-4a25-8fec-8a4487498d20
4d677d01-6707-4523-ba53-e2b8a21fc2a2,DEPT_MGR,,Võ Thị Minh,Nữ,1980-09-12,2007-12-21,,21399271,"694 Trần Hưng Đạo, Q2, Hà Nội",0753982633,90103224-f904-42fc-8d6f-6b39c6bcc80e
e324250e-2eea-452b-afe2-1ddfec08bffc,DEPT_MGR,,Phan Hoàng Hoàng,Nữ,1975-02-27,1995-11-12,,16580699,"734 Lê Lợi, Q1, Đà Nẵng",0832045352,e3bb89ca-7437-4ef5-8fa0-c9a870d819c4
0c4e9149-b276-445c-b2fa-231bf7b937aa,DEPT_MGR,,Phan Hồng Hoa,Nữ,1979-06-16,2000-10-19,,21190955,"287 Trần Hưng Đạo, Q2, TP.HCM",0867582676,326e813f-c577-4e07-b608-aa8760cbd85c
f712f89d-21d4-4133-b64b-257fe0cb4b04,DEPT_MGR,,Võ Anh Minh,Nữ,1985-02-15,2012-02-07,,22449364,"220 Trần Hưng Đạo, Q3, TP.HCM",0961748647,c939fab8-920f-4e03-b802-f7883141c2c4
319179fa-84dc-4f3c-b97d-a53c7b57a4b3,DEPT_MGR,,Đặng Tuấn Phương,Nữ,1990-01-05,2019-06-15,,22290056,"376 Trần Hưng Đạo, Q1, Hà Nội",0883780022,454d363c-697c-4999-9b5b-02bd1d9d3de9
12e69457-8125-494a-b1f7-52eb51a0442f,DEPT_MGR,,Nguyễn Hoàng Hoàng,Nam,1981-07-17,2011-06-29,,15966211,"821 Nguyễn Huệ, Q2, Đà Nẵng",0916675141,a3b7fd87-219f-4c65-b789-b41253bf28e0
b9db0842-2816-4ff2-af64-1e163a0862c1,DEPT_MGR,,Đặng Đức Phương,Nam,1989-05-05,2013-04-13,,18796516,"806 Trần Hưng Đạo, Q1, Hà Nội",0729578024,ccfd6bd3-56c6-4069-a858-791ed5038879
f53cf164-5079-4892-8d4e-818804d494ba,DEPT_MGR,,Trần Tuấn Phương,Nữ,1983-11-10,2005-06-23,,18584608,"3 Trần Hưng Đạo, Q3, Đà Nẵng",0866922170,adc707b5-2294-45b1-8f7d-be92c8dd6c7c
3fc677fa-cd46-43c5-81c4-79c1f5e7966a,DEPT_MGR,,Đặng Anh Phương,Nam,1983-05-10,2006-03-14,,20075086,"465 Lê Lợi, Q1, Hà Nội",0783397050,6cf626ba-09ac-4cab-9419-2bd679956e07
348b078c-96af-4e6b-b014-44d3ea6bffa6,DEPT_MGR,,Vũ Văn Nam,Nữ,1978-08-12,2005-01-19,,17334380,"992 Trần Hưng Đạo, Q3, Đà Nẵng",0769747303,4df6ee83-d02e-438e-a910-a10634ba2c41
5963f016-cb24-4fc2-8108-3234afcc776c,DEPT_MGR,,Đặng Hồng Nam,Nam,1982-12-19,2004-05-10,,23702329,"574 Nguyễn Huệ, Q1, Đà Nẵng",0963214831,c6485935-2035-4220-852d-5e0c2e6c8f01
8dad06fe-369e-411e-a3d0-223122cb3c00,DEPT_MGR,,Vũ Thị Anh,Nam,1984-02-24,2004-09-04,,21564569,"281 Nguyễn Huệ, Q2, Đà Nẵng",0757055810,50925123-c23c-4c4f-8fbc-12c6e744bc79
fabaf18e-00e5-4a7b-b3a8-0d68085380dc,DEPT_MGR,,Lê Văn Hoa,Nữ,1985-07-04,2008-01-10,,17364046,"123 Lê Lợi, Q3, TP.HCM",0935866075,338b8925-5b60-4485-8ca4-c409f5726942
fdb435a4-220b-40bb-abb5-c99f67fd78b1,DEPT_MGR,,Đặng Hoàng Hoàng,Nữ,1987-01-16,2008-07-27,,20395896,"940 Lê Lợi, Q3, TP.HCM",0937916306,a4bb0b17-a796-4e12-af67-3e5aff9a77b3
6fde95e3-f5f2-49bc-9b5a-589802d41993,DEPT_MGR,,Đặng Hoàng Nam,Nam,1979-08-17,2003-10-25,,15987511,"33 Lê Lợi, Q3, Đà Nẵng",0999314627,e57b924e-3a9c-46cf-ad5f-6c8a8c5e0f26
29aa2e38-a240-44cf-891d-2f9fc898b5db,DEPT_MGR,,Hoàng Hoàng Minh,Nữ,1982-11-23,2009-10-22,,17171078,"572 Nguyễn Huệ, Q1, Hà Nội",0945338434,819af394-e563-47aa-803c-44f4bc2b9f31
4c2746f2-edb6-4dac-a8e8-6d1b67d8b1bb,DEPT_MGR,,Trần Thị Đức,Nữ,1988-04-25,2008-11-07,,16819423,"581 Lê Lợi, Q3, TP.HCM",0934135829,ccde179e-c985-41fc-81f2-d53e5318267e
56d2f5a6-0713-41a4-ab93-206024ea37ca,DEPT_MGR,,Huỳnh Tuấn Hoa,Nam,1983-06-07,2009-02-26,,21308222,"299 Nguyễn Huệ, Q1, Đà Nẵng",0919671554,344b749d-7776-4262-a479-26171e537e66
5f71e064-b0bb-424b-b00d-acacffe87748,DEPT_MGR,,Phan Tuấn Nam,Nữ,1980-03-02,2008-04-01,,16524062,"722 Lê Lợi, Q3, Hà Nội",0766406451,0a1608f4-f32e-4e03-810c-644eecb7e1bb
79eb7ef5-7801-494a-b0ac-dc3d3426b3da,DEPT_MGR,,Phan Đức Minh,Nam,1980-01-27,2000-07-03,,17826973,"533 Trần Hưng Đạo, Q1, Đà Nẵng",0734860621,d314fa50-2efb-4868-8a29-b79c7ab197c7
6d06e7d0-d731-4e85-a4c3-7b081a084b99,DEPT_MGR,,Phan Thị Thảo,Nam,1978-08-16,1998-12-14,,24350950,"268 Lê Lợi, Q3, Đà Nẵng",0985274994,45da2fd0-d6e4-420a-ae57-d0f9b85114ac
f0beef9d-6d89-4933-935a-232ca933ac9b,DEPT_MGR,,Nguyễn Hồng Minh,Nam,1983-05-14,2005-09-01,,20158768,"970 Nguyễn Huệ, Q3, Đà Nẵng",0993472756,dc84308b-edd4-4119-ae44-433ca7eb4604
329eb407-ee0b-49b7-b1e9-c7f043d302cf,DEPT_MGR,,Nguyễn Hồng Đức,Nam,1983-04-08,2010-06-25,,23429793,"962 Nguyễn Huệ, Q3, Đà Nẵng",0920077207,a02b6784-f6c6-4858-b221-704c6795b51d
02f61fb1-dbe7-4218-a13c-3035ca7fddd7,DEPT_MGR,,Võ Thị Anh,Nữ,1980-08-08,2004-07-26,,17208426,"745 Nguyễn Huệ, Q2, Đà Nẵng",0886868434,6ac3c7a0-916e-47dc-919a-be4107aaa35d
9dbeceb2-c5de-4eab-8dbb-9ceab8f536fa,DEPT_MGR,,Võ Thị Đức,Nữ,1989-07-04,2019-01-21,,16646966,"133 Lê Lợi, Q3, Hà Nội",0959899554,be75f1da-885b-47f8-a6cd-e063727d8de6
3bb70a64-0064-46fb-9391-3d4f8324a865,DEPT_MGR,,Vũ Đức Minh,Nam,1983-06-13,2007-04-02,,24641933,"715 Lê Lợi, Q1, Hà Nội",0961365335,a0e9d4d8-d34e-4344-88ff-5a9a34429e09
0e9e1bc4-0a91-4d42-9040-b1db4aee383c,DEPT_MGR,,Hoàng Thị Hoa,Nam,1986-01-06,2008-04-13,,24802651,"229 Lê Lợi, Q1, TP.HCM",0795621314,aae0d57c-5f04-4d22-8e2d-449143a6c24b
ebcdd4d8-3511-46d0-bddb-32346342e2a4,DEPT_MGR,,Huỳnh Hoàng Phương,Nam,1977-01-29,2000-05-20,,17337170,"104 Lê Lợi, Q3, Hà Nội",0714846930,32810dd7-a045-4ccd-a54c-82ac68370cb2
173046fc-5fff-4cc9-9eb3-5428bdf31461,DEPT_MGR,,Võ Đức Hoàng,Nam,1988-01-08,2011-07-24,,22845640,"705 Nguyễn Huệ, Q1, Hà Nội",0750541947,1bff6c55-9649-42cf-bdd9-0a0967c95627
1ab86cc7-7f68-4869-a5ef-d527643294a6,DEPT_MGR,,Vũ Văn Hương,Nữ,1985-04-11,2010-06-23,,21360259,"685 Lê Lợi, Q2, Đà Nẵng",0811672395,f5e1f891-ddd9-46ed-aa3c-ae5a2709df8a
526e7011-8cce-48ef-be9e-afeb6d852f5b,DEPT_MGR,,Hoàng Hoàng Thảo,Nam,1984-05-24,2011-04-08,,17468954,"745 Nguyễn Huệ, Q3, TP.HCM",0995272086,3b9f0763-23ae-4378-a03b-fca6c10483ea
597e554a-23a3-4f46-80bd-f1c0224c7b81,DEPT_MGR,,Phạm Anh Phương,Nữ,1987-09-17,2014-10-18,,24787433,"761 Nguyễn Huệ, Q2, Hà Nội",0861614549,a443ebf5-d174-4cb8-b952-7f3510921b80
db60d133-12ec-44fd-af19-873ebfff47f5,DEPT_MGR,,Trần Hồng Nam,Nữ,1979-02-07,2004-06-17,,24694237,"423 Trần Hưng Đạo, Q1, Đà Nẵng",0927330244,6ad6edf6-66e7-4dce-aea9-690dbeb891e7
2c8b9a6f-4aad-408a-bdc1-167389ef5a9b,DEPT_MGR,,Hoàng Hữu Đức,Nam,1980-07-14,2009-05-27,,18587509,"952 Trần Hưng Đạo, Q2, TP.HCM",0953437341,f6bac5f0-c7e7-49e9-902b-ba2920f50ce3
45fbcaf1-d1d2-4d91-89de-e6ce015a7091,DEPT_MGR,,Trần Tuấn Anh,Nữ,1985-12-11,2011-03-04,,18362177,"78 Trần Hưng Đạo, Q3, Đà Nẵng",0950289982,84b67138-7a23-487f-b72d-13bcfc550a71
72201d03-54f7-46a7-91f9-5753e2a27eef,DEPT_MGR,,Huỳnh Anh Hoàng,Nam,1976-12-11,2000-10-02,,23718458,"938 Trần Hưng Đạo, Q2, Đà Nẵng",0953229868,a7275cd1-c6fe-499e-b595-64a39189cd04
fb843aa9-f8d2-4475-aab1-0840321956be,DEPT_MGR,,Phan Tuấn Thảo,Nam,1977-06-03,2006-04-29,,15891245,"55 Trần Hưng Đạo, Q2, TP.HCM",0839876398,eefcd9ae-d67a-400c-a95f-033facc2522d
97bf4675-aaf4-4af1-a0aa-6ac28406dc48,DEPT_MGR,,Phan Anh Thảo,Nữ,1979-04-23,2000-09-05,,16374828,"732 Trần Hưng Đạo, Q1, Hà Nội",0933692544,31269b7e-a1f8-4d4b-8b4b-d082f087a6fe
7317c251-71c3-4c44-9de9-fee0b1fee5c6,DEPT_MGR,,Huỳnh Hồng Hoa,Nữ,1978-10-16,2006-08-29,,15176977,"168 Lê Lợi, Q1, Hà Nội",0959182493,94a19966-4aad-4eff-a0b5-e80e94cbd2e8
0c9853ec-2676-4dbc-911c-2c2f1b798739,DEPT_MGR,,Huỳnh Hoàng Hương,Nam,1984-12-21,2009-02-15,,15925253,"566 Nguyễn Huệ, Q2, Hà Nội",0845981945,2772f8c0-839f-4c73-8ca6-6030a39c693c
1e0ac56d-c8f0-45e0-af64-b8fd3b3e885a,DEPT_MGR,,Huỳnh Hồng Nam,Nữ,1990-01-02,2017-05-27,,17081984,"662 Trần Hưng Đạo, Q3, Hà Nội",0897090355,793a3810-3310-40c2-a402-bea2eb2745c8
8407bc64-5ba1-471a-a5e0-b2504f66de5b,DEPT_MGR,,Trần Hoàng Hoàng,Nam,1980-08-28,2001-05-19,,21361210,"958 Trần Hưng Đạo, Q3, Đà Nẵng",0991606502,39f7ce49-31c4-4915-8218-57135182ec1a
b6044025-4cf1-465f-9480-6480ac04c11b,DEPT_MGR,,Trần Hữu Thảo,Nữ,1979-07-04,2000-11-05,,17781292,"275 Trần Hưng Đạo, Q2, TP.HCM",0741899621,3b9e70c1-2049-430b-8826-590c1e606eaf
eb09d95f-bf2d-4071-aec2-b1f076e63f0c,DEPT_MGR,,Lê Thị Minh,Nữ,1981-02-26,2006-11-27,,21178498,"412 Lê Lợi, Q1, Hà Nội",0873152930,3b480c85-375a-4870-b7e0-1fb2979bb8e5
1c433501-c409-4d08-9aaf-c480b6b95721,DEPT_MGR,,Lê Anh Nam,Nữ,1976-07-09,2001-10-06,,19267417,"689 Trần Hưng Đạo, Q1, Đà Nẵng",0764269534,7d19cf73-6268-4b7e-ba07-294b961e3fd1
1677fb28-61f8-4e13-ab0d-96270a3ea68b,DEPT_MGR,,Võ Tuấn Minh,Nữ,1986-03-09,2014-11-28,,21525428,"894 Trần Hưng Đạo, Q1, Hà Nội",0789160854,4661c96d-9741-4813-a8ac-b6bc4633d575
9516311f-a088-468c-b38e-fa07e15412cc,DEPT_MGR,,Võ Minh Thảo,Nữ,1980-10-08,2003-05-17,,19457274,"541 Lê Lợi, Q1, Đà Nẵng",0929013475,5729d216-ac0d-4738-b095-25f9e0f45a70
cfecdff9-b8b4-461a-850d-6b68f43328e2,DEPT_MGR,,Lê Văn Hoa,Nam,1975-11-24,2002-06-04,,16342216,"203 Trần Hưng Đạo, Q1, TP.HCM",0869792668,ac8681d7-1dbe-41b3-a4c2-224a0c45e6a2
46ff46c6-b9c2-4dd7-aa66-02dd9f3e2805,DEPT_MGR,,Phạm Tuấn Thảo,Nữ,1986-01-29,2008-12-08,,18236201,"777 Nguyễn Huệ, Q3, Hà Nội",0763504054,5a949b5b-0d87-4358-9b26-c9eded3f1f03
e8235ad1-63ca-4930-bd18-c2db4885cacd,DEPT_MGR,,Hoàng Văn Đức,Nam,1989-01-14,2016-05-29,,15276577,"407 Trần Hưng Đạo, Q1, Hà Nội",0747178060,8c21a7b8-ddac-47a8-a32f-fc7a09dcd9c7
cbf32285-965e-4726-b3ca-7fc9eaf432f6,DEPT_MGR,,Đặng Thị Hương,Nam,1976-11-21,1997-10-13,,18750722,"43 Trần Hưng Đạo, Q2, Đà Nẵng",0754209692,27738751-1f30-4b94-8c3c-b0f89cd9c508
bdd205a2-40db-48df-94af-e38b2b3f9f41,DEPT_MGR,,Võ Minh Phương,Nữ,1975-10-22,1995-11-28,,24953546,"812 Lê Lợi, Q2, TP.HCM",0853305556,22398068-c165-4884-910d-abdbec333efd
fbfb714b-5248-4bd9-99e7-844ae6785708,DEPT_MGR,,Hoàng Đức Phương,Nữ,1979-11-02,2009-06-23,,24260937,"990 Nguyễn Huệ, Q3, Hà Nội",0983707299,91b76cff-9166-4439-a33a-97b8a137cafc
5fffadee-8b89-435f-a013-945a37548e4d,DEPT_MGR,,Phan Đức Phương,Nữ,1984-02-12,2012-09-29,,19445749,"431 Nguyễn Huệ, Q3, Hà Nội",0984725654,a7fa6999-844a-41c2-b80a-caa5c620aef6
4e047b74-56fe-4a84-aacf-e333ab73c925,DEPT_MGR,,Nguyễn Hữu Nam,Nữ,1980-03-06,2006-04-08,,20477609,"495 Lê Lợi, Q2, TP.HCM",0934379972,8eca3253-1aad-407d-a047-7d726053da65
7225b260-a812-4e71-b975-c9df06769cad,DEPT_MGR,,Phạm Hoàng Hoa,Nữ,1976-08-07,1998-04-25,,22320800,"993 Nguyễn Huệ, Q2, Hà Nội",0931229825,e94be189-b75b-4b00-8503-7ce7cee8f3bb
fb4e2ec9-7f68-4b3b-8c2d-7fc7dda85448,DEPT_MGR,,Huỳnh Anh Nam,Nam,1979-12-07,2001-10-10,,16407402,"605 Trần Hưng Đạo, Q2, Hà Nội",0925076858,9438fdd1-ceba-42cc-93c0-51585926d8c6
c25b1f58-49f4-4f86-bea9-17ba82739d25,DEPT_MGR,,Phan Anh Anh,Nữ,1989-11-28,2014-07-02,,17223328,"444 Trần Hưng Đạo, Q2, TP.HCM",0714321759,9aac64e6-b1a6-407e-b982-65896abb98de
9bd3fd72-15bc-4f3d-98e9-0b4423134adf,DEPT_MGR,,Vũ Đức Nam,Nữ,1980-10-16,2006-02-17,,24549288,"911 Lê Lợi, Q3, Đà Nẵng",0770139637,5496c59f-1400-4cde-8467-144b7af2f948
175878b9-7c64-4579-b125-6ffacfe979a4,DEPT_MGR,,Vũ Tuấn Nam,Nam,1989-09-18,2016-01-09,,19854960,"129 Lê Lợi, Q3, Đà Nẵng",0886675067,1d0f8e60-4f20-445e-afaa-54525fdb4437
a00b20bc-0f16-4b6e-9178-27a4ab85759c,DEPT_MGR,,Võ Văn Hương,Nam,1979-11-11,2009-08-19,,22295976,"94 Lê Lợi, Q3, TP.HCM",0734458870,f3b98a80-0505-462a-b8d2-fbe780f516d8
6309e519-50b6-4e2f-8b1b-2e68f85cc105,DEPT_MGR,,Nguyễn Thị Anh,Nam,1986-07-05,2011-08-28,,20923677,"960 Lê Lợi, Q3, TP.HCM",0935755262,dec42232-fa83-4d09-8aba-512b6a7a3bc8
fd48a163-7d84-4afb-b255-a3f83aa9f849,DEPT_MGR,,Trần Anh Nam,Nữ,1977-03-20,2002-08-12,,17504139,"298 Lê Lợi, Q1, Hà Nội",0841459609,74debeff-4e46-4ec3-b385-efa0ac3a792d
0ad57d01-3a76-4ee4-9ced-050f8bdc18f2,DEPT_MGR,,Phạm Minh Hương,Nam,1983-07-21,2009-09-27,,19857981,"106 Lê Lợi, Q3, Đà Nẵng",0921053180,6f426e7b-048f-4eb8-b209-668a15a0199d
3357a4f5-e8da-4614-ac3c-6cec678d2142,DEPT_MGR,,Trần Anh Hương,Nam,1988-02-01,2015-06-05,,18585919,"223 Lê Lợi, Q2, Hà Nội",0918431455,f2e78b97-b5c4-4ec5-82d0-5c587bf0ca70
f72e7373-8933-4fc3-8b80-93afc32f21d7,DEPT_MGR,,Nguyễn Thị Hoa,Nam,1978-01-14,2002-03-09,,15841857,"637 Trần Hưng Đạo, Q3, Đà Nẵng",0841426779,4f81cc18-3aaa-4ca6-bc14-46cfbb3654a0
5031c1df-a67d-4baf-a5ab-7ab3cd5cb6ab,DEPT_MGR,,Nguyễn Anh Hoa,Nữ,1990-01-09,2010-06-01,,15154942,"498 Lê Lợi, Q2, Hà Nội",0954918893,447896c4-6234-41bb-9ce7-2de9bbf437eb
6512d213-14e9-43f6-a0f2-898731c4cec2,DEPT_MGR,,Lê Hồng Hoa,Nam,1985-03-25,2014-12-08,,24338170,"463 Trần Hưng Đạo, Q2, TP.HCM",0777952419,18b0c29c-59c3-400e-8abe-05c3ee138341
6da99b4f-9f2b-4d4e-9b61-9d8076450923,DEPT_MGR,,Vũ Đức Đức,Nữ,1982-05-05,2011-12-27,,15996610,"347 Trần Hưng Đạo, Q2, Đà Nẵng",0785104734,1fd35128-7bb4-47ce-a47d-7f8544eee579
27725aef-636e-4d9f-b516-ddaeb72a89e9,DEPT_MGR,,Đặng Thị Nam,Nam,1984-09-29,2010-06-23,,22744888,"49 Lê Lợi, Q1, Đà Nẵng",0883733853,f08b41aa-c282-489a-b663-62ae9ecc0bd3
e18d3659-3952-4836-9d85-f98433ba2190,DEPT_MGR,,Trần Hoàng Minh,Nam,1989-12-14,2014-12-12,,17649215,"72 Nguyễn Huệ, Q3, Hà Nội",0713080609,ae20f71e-3169-45c9-99c6-bb8ab36dd957
9c153f6d-504c-4422-bb3f-9358d6d488d0,DEPT_MGR,,Vũ Thị Nam,Nam,1983-07-04,2003-09-20,,19339448,"64 Nguyễn Huệ, Q1, Đà Nẵng",0917580973,5feb81e6-f880-42a2-8ebb-b41ae60f3acd
8ead175a-6a37-4ed4-b799-2ec5e8560a9c,DEPT_MGR,,Huỳnh Đức Đức,Nữ,1976-06-06,2003-07-07,,24441505,"797 Nguyễn Huệ, Q3, Hà Nội",0826595377,0cce5ebe-e858-4a67-98e0-7c4902d5f2b4
d5a0a2e2-e169-490a-aac5-1f08af8c033b,DEPT_MGR,,Phạm Hoàng Nam,Nam,1983-05-08,2008-04-14,,18704880,"48 Nguyễn Huệ, Q1, Đà Nẵng",0872268808,d382f7f5-d2f5-4410-b694-d645a56c4c42
f3502a59-73f5-4214-afe0-27c42de62b5f,DEPT_MGR,,Hoàng Anh Thảo,Nam,1984-10-24,2008-09-22,,19513581,"503 Nguyễn Huệ, Q1, Đà Nẵng",0758981963,04c716cb-e39b-401c-b9ff-54630adbbd5a
7f1126c9-33b8-4480-bc4b-4eed2258fca0,DEPT_MGR,,Võ Hữu Anh,Nữ,1979-08-24,2001-01-16,,19763997,"304 Nguyễn Huệ, Q2, Hà Nội",0740875038,414aac4b-013e-4e1f-9dfa-de858ca468b6
5a5892c2-0f65-4822-ad45-a5e11e0a49ed,DEPT_MGR,,Trần Văn Hương,Nữ,1975-04-21,1999-08-09,,18674871,"585 Nguyễn Huệ, Q3, Đà Nẵng",0744297851,b9c4429a-3fb1-46ed-a3a5-63c3db898acf
3540af34-0590-421e-a9d6-fce21f8e7896,DEPT_MGR,,Trần Đức Nam,Nữ,1987-10-13,2016-01-08,,21410344,"960 Nguyễn Huệ, Q2, Đà Nẵng",0738544975,e25de6de-c2da-4399-b134-cdaf6a9b7b8f
106b5062-bda2-48b6-b082-c3dfbbc26d37,DEPT_MGR,,Lê Văn Thảo,Nữ,1976-04-28,1996-10-09,,16477412,"801 Trần Hưng Đạo, Q1, Hà Nội",0971643699,badcf3da-c295-441b-92f4-bebdded4723e
0fe4a7c1-56c3-4bdb-b454-43f98c9cb4dc,DEPT_MGR,,Nguyễn Hữu Hoa,Nam,1989-09-06,2015-12-01,,20655261,"332 Nguyễn Huệ, Q1, TP.HCM",0977720448,8b125c41-efbb-4ff7-8b9d-022f3543948c
2127bdaf-6f55-4b5f-add6-cacb35a12622,DEPT_MGR,,Trần Minh Đức,Nam,1981-05-10,2009-11-28,,18804797,"295 Nguyễn Huệ, Q3, Đà Nẵng",0851092378,7a201367-148f-420e-adfd-5703b22b0069
e17d2a9f-7eda-4918-b700-438aa5678bed,DEPT_MGR,,Phan Hữu Hương,Nữ,1989-11-10,2014-06-01,,23334755,"140 Trần Hưng Đạo, Q1, TP.HCM",0985665715,81bd9eb2-7de7-4c6d-bff7-fed5916b51c2
0d56bce4-8368-4c30-9d4f-9da4ad4ad9ab,DEPT_MGR,,Lê Minh Thảo,Nam,1987-12-09,2014-11-18,,22519659,"461 Lê Lợi, Q2, Hà Nội",0931935115,c09a65bb-7020-4d5a-ac06-814a3d097348
cca833d6-59e5-4973-a11c-f1df2e84488e,DEPT_MGR,,Lê Đức Đức,Nữ,1980-09-18,2006-12-31,,24881978,"876 Lê Lợi, Q1, TP.HCM",0876969265,80174f43-91f2-4e87-a269-e037079efc4b
5f78d72e-6102-4906-a11a-b1bdde291965,DEPT_MGR,,Lê Hoàng Nam,Nam,1976-08-06,2005-04-09,,21496560,"8 Trần Hưng Đạo, Q3, Đà Nẵng",0810288961,d2077176-3ffa-428d-baf3-a5d9279eaa59
002f427c-7f7f-4b5d-ad98-aec34ba4632d,DEPT_MGR,,Phan Hồng Phương,Nữ,1982-04-11,2009-02-28,,21568326,"42 Trần Hưng Đạo, Q2, TP.HCM",0959547140,7d3bab2d-fe74-41af-8ea3-275dcdf28d49
a682e917-1089-49b8-b426-78622c299177,DEPT_MGR,,Nguyễn Anh Nam,Nữ,1980-04-17,2002-03-08,,15359767,"551 Lê Lợi, Q3, Hà Nội",0847128100,87b94291-1d9d-4d43-8f5f-456f0031a8dc
b153bea5-f58c-48e9-94cd-f44f916f5f0f,DEPT_MGR,,Huỳnh Thị Đức,Nữ,1978-07-04,1999-01-20,,16779332,"832 Nguyễn Huệ, Q3, TP.HCM",0964620586,10a206e9-02ba-4bf9-bfcd-f1e2cd55fedf
692cdb04-53c6-4236-93a4-9e85e123b1d3,DEPT_MGR,,Phan Minh Phương,Nữ,1978-06-10,2000-09-01,,20031943,"162 Lê Lợi, Q2, Đà Nẵng",0870140069,ba0593e1-5b53-42ad-b000-a4a142747509
d6e1117c-383a-445c-9d00-a94599db7561,DEPT_MGR,,Huỳnh Tuấn Đức,Nam,1985-10-01,2009-03-13,,15428428,"236 Lê Lợi, Q3, TP.HCM",0752237124,494c1bbc-0d6e-4462-95f7-3bf370188924
a4ab1ec8-fbd2-4e3e-a6a2-ab43f844ce16,DEPT_MGR,,Vũ Anh Hương,Nam,1983-11-06,2006-10-16,,17740386,"691 Lê Lợi, Q2, Đà Nẵng",0747680445,bd980058-4412-428e-8986-de1fba1ab9b7
ebc899b3-e22b-49e2-b138-b7d6c83c30d7,DEPT_MGR,,Trần Đức Hoàng,Nữ,1987-10-31,2016-12-11,,20348688,"448 Nguyễn Huệ, Q1, Hà Nội",0886950444,77f777d3-24e3-4ac6-8729-46e51336c0d8
a01b85c7-c7f7-4b8f-bb51-1f223367fd74,DEPT_MGR,,Lê Văn Hương,Nữ,1983-02-16,2009-10-25,,20192404,"840 Nguyễn Huệ, Q2, Đà Nẵng",0895558504,bd4114e5-9105-44fd-b753-f8bca644804f
8a2de531-d64f-44f2-9c10-07d77006e3ae,DEPT_MGR,,Đặng Hoàng Đức,Nữ,1986-06-11,2006-11-21,,16403136,"316 Trần Hưng Đạo, Q2, Đà Nẵng",0737328903,cc633d5a-cd8c-464f-b8e2-711b8215ad95
6b36d9a6-d2e8-4994-9ed4-2aa3b37f3f84,DEPT_MGR,,Vũ Thị Hoa,Nữ,1980-12-26,2001-03-01,,20957859,"63 Lê Lợi, Q3, Hà Nội",0722738728,cd614e60-d3a5-43d0-8f90-eecdc02e183c
c0fad3fe-1c82-4d68-92be-aca00e5dac0f,DEPT_MGR,,Phan Anh Hương,Nam,1975-10-16,2005-07-19,,17432230,"635 Lê Lợi, Q3, Hà Nội",0855362192,da8521d1-5b0a-4f91-b30f-c98ce4427874
aa3727bc-ab5b-4bb7-b571-42a961e7933c,DEPT_MGR,,Nguyễn Hữu Đức,Nữ,1989-12-26,2013-12-07,,18755967,"833 Trần Hưng Đạo, Q1, Đà Nẵng",0984064123,80427318-fa41-46e3-a96f-f4116684c623
e59f3420-c5bc-4d26-8bc9-0421821e9208,DEPT_MGR,,Nguyễn Tuấn Nam,Nữ,1980-01-10,2000-08-18,,17407979,"568 Nguyễn Huệ, Q2, Hà Nội",0819702762,97d58e97-6f49-4c82-8c2f-90a4406c2f75
6e80c527-590a-48b1-8641-b409dac8c786,DEPT_MGR,,Phạm Văn Nam,Nam,1981-07-24,2002-12-04,,19656751,"41 Lê Lợi, Q1, Đà Nẵng",0995612578,4bc722de-88ea-4541-8aff-71a2104b8e71
6edcbe26-22f6-42d3-8943-c0dd9cbeb6b5,DEPT_MGR,,Vũ Đức Nam,Nam,1979-03-16,2002-09-27,,22274025,"69 Nguyễn Huệ, Q3, TP.HCM",0726050756,0971e6e5-1e05-4f31-b986-18ee60e976e8
ff948685-3bc9-493b-93e1-73c33db3d82c,DEPT_MGR,,Nguyễn Anh Đức,Nam,1984-11-30,2011-03-13,,16510862,"166 Trần Hưng Đạo, Q1, Hà Nội",0993173847,3e5ac036-f92d-4c01-a0a9-4fbfb828f58d
a4f55505-8cbf-4518-a45b-4b22c437b7f4,DEPT_MGR,,Võ Hữu Anh,Nam,1981-11-05,2010-01-22,,18199524,"712 Lê Lợi, Q2, TP.HCM",0998948384,e3507ef7-d971-4570-8dfb-bfd0c6d53f9c
9d55d4cb-b17f-431e-8a80-494147f782fe,DEPT_MGR,,Vũ Anh Phương,Nữ,1984-03-22,2006-07-31,,18431746,"280 Trần Hưng Đạo, Q2, TP.HCM",0811006344,78d2d296-ba45-48f2-90ac-e8a4383b58da
85cbffd5-def5-46c6-b4e2-cefa85cac420,DEPT_MGR,,Vũ Hữu Hoa,Nữ,1984-09-24,2007-08-06,,20876922,"853 Lê Lợi, Q3, Đà Nẵng",0973495783,44ea0f4c-e273-4f50-b4e7-3046e491b119
05d1d3e4-78ca-43e4-ac47-33c27ebd111a,DEPT_MGR,,Võ Hồng Thảo,Nữ,1984-05-29,2012-06-28,,23030756,"710 Trần Hưng Đạo, Q1, Đà Nẵng",0744460454,a1ad1a1c-8d55-4256-ab3a-39c2e9a9ce73
312d4736-8be0-4fd7-9cab-a44c7738a04c,DEPT_MGR,,Phạm Minh Hương,Nam,1988-09-21,2013-04-11,,22617277,"537 Trần Hưng Đạo, Q3, TP.HCM",0743063695,328880e7-456c-4293-9ddc-5d2f562f495a
a31972b9-1d13-4e27-bdb2-e6ae908ec8fe,DEPT_MGR,,Nguyễn Hồng Hương,Nữ,1987-12-22,2008-02-28,,21575698,"704 Nguyễn Huệ, Q3, TP.HCM",0817512413,416b6a45-0df0-4dd8-9523-fcf0d7a8b4e1
c0faf013-82cc-4d98-82ea-52b3ceeec742,DEPT_MGR,,Lê Hồng Hương,Nam,1981-04-07,2010-06-04,,22982994,"489 Nguyễn Huệ, Q3, TP.HCM",0865300914,f7287a44-062e-40e7-aab6-702026851c1b
7a4fc0f2-3a5b-442e-9e1a-527ebfb3987a,DEPT_MGR,,Trần Minh Phương,Nam,1983-02-12,2003-08-03,,23447272,"665 Lê Lợi, Q2, Đà Nẵng",0720055394,e55faaf3-625d-45ea-9a51-8074f0007b50
8861f0f7-02af-4af6-94ba-c4e0eedd88a2,DEPT_MGR,,Huỳnh Hữu Hoàng,Nam,1987-01-01,2009-05-31,,18312155,"50 Trần Hưng Đạo, Q3, Hà Nội",0899171283,80f6f4b9-aa0e-420a-af4c-3698809d9fb5
7646538b-8ed9-4778-8c36-b9f79fe0a535,DEPT_MGR,,Võ Tuấn Minh,Nam,1979-03-03,2005-04-23,,21682848,"345 Trần Hưng Đạo, Q3, Hà Nội",0994767248,23db6fec-dacd-457d-bbb3-a97e1e8759da
e19a9dde-e68a-4aac-92cf-771ba775a4ac,DEPT_MGR,,Hoàng Thị Phương,Nam,1984-02-13,2010-09-25,,17557313,"103 Trần Hưng Đạo, Q1, Đà Nẵng",0884917422,3e37f169-5ce4-4922-8822-46ba24c18c5a
5854b63f-360b-432f-ba9f-092f8755b3a5,DEPT_MGR,,Đặng Hữu Hoàng,Nữ,1986-06-29,2007-09-01,,20120147,"407 Lê Lợi, Q1, TP.HCM",0945460411,512a1982-4090-4c23-8831-b8ccc4d5a2e3
d2da089a-09a4-4956-8f24-af37c97d5ba8,DEPT_MGR,,Lê Văn Đức,Nam,1984-05-20,2009-07-31,,17100128,"442 Trần Hưng Đạo, Q2, Hà Nội",0757100043,8c18c741-14e9-47a0-b64b-619dcec7b24a
0ea597a2-c016-43b6-961a-23f78f262329,DEPT_MGR,,Võ Thị Thảo,Nam,1975-03-04,1999-07-15,,17695761,"8 Nguyễn Huệ, Q1, Hà Nội",0710550768,f1d79f9b-1f6f-4aae-8f7b-10857c42bad9
4b9be5aa-07d8-4332-a5ed-d839b43de4ac,DEPT_MGR,,Phan Văn Hoa,Nữ,1978-09-19,2004-02-10,,18453673,"175 Lê Lợi, Q2, Hà Nội",0829956103,fb53b9ef-aea6-4a1c-83c1-d15d9949ad60
56a22d1e-fa20-4c04-82f8-d5dae75c1b23,DEPT_MGR,,Lê Tuấn Anh,Nữ,1981-02-24,2003-12-08,,19011662,"730 Trần Hưng Đạo, Q3, Đà Nẵng",0940961315,fb7f0f08-ffca-4f66-963c-f357091b3852
77b44f39-d5ef-4452-b34c-8da82a2f9763,DEPT_MGR,,Phan Hoàng Thảo,Nam,1986-01-01,2012-01-09,,23746205,"190 Lê Lợi, Q2, Đà Nẵng",0967128715,59cde87b-0e9a-4320-914f-ef94dd1ff2c0
38f3beb6-c5fe-4fbb-abd3-08f1ece7a1fe,DEPT_MGR,,Võ Hồng Đức,Nam,1978-05-23,2005-11-04,,24052941,"9 Trần Hưng Đạo, Q3, Hà Nội",0880051753,0d9f148b-eb93-4d5d-a931-36365ec93a2e
eece500e-e941-478c-8512-822e4ac34828,DEPT_MGR,,Huỳnh Văn Phương,Nam,1975-04-26,2001-08-22,,18638985,"920 Trần Hưng Đạo, Q2, Hà Nội",0741822146,ab222c88-502f-40b7-b169-035737ea7f70
b44f1848-c7d4-4ff2-838c-dfeb4381b534,DEPT_MGR,,Phạm Hữu Phương,Nữ,1983-02-06,2006-03-26,,23352975,"788 Nguyễn Huệ, Q2, TP.HCM",0777363506,1e435982-dda9-4b90-b784-b4b096e0d18f
ec7589e6-7a91-4a4d-aab2-d76cbb486cae,DEPT_MGR,,Vũ Đức Hương,Nam,1988-11-13,2015-05-30,,16279523,"415 Lê Lợi, Q3, Hà Nội",0923589771,65af6ba2-43c2-4f3d-bd97-d48426d781d7
9bd72f81-8c12-4d7b-8fb9-54427e4dfb00,DEPT_MGR,,Võ Anh Thảo,Nam,1988-12-11,2015-09-22,,23489533,"812 Nguyễn Huệ, Q2, Đà Nẵng",0860292168,391fb4db-bee1-4570-808d-c9ba4379cd40
816a36f1-8fdb-42a8-bc32-185b5899e3c0,DEPT_MGR,,Hoàng Hồng Nam,Nữ,1977-06-25,1998-09-14,,22901946,"186 Trần Hưng Đạo, Q2, Đà Nẵng",0784313725,59034f02-5999-4940-a3d6-98af3d41b2f3
058a008c-53a3-48fe-8a3a-41883b5dbb83,DEPT_MGR,,Lê Thị Nam,Nữ,1987-05-28,2017-04-17,,15046237,"953 Trần Hưng Đạo, Q1, Hà Nội",0971207309,a7f78a8b-1839-45f6-b69a-175f2e96e9a0
be8b022f-1d79-49d1-bd57-6a7ee952e4e9,DEPT_MGR,,Vũ Hữu Hương,Nam,1979-05-08,2009-01-12,,21672306,"966 Trần Hưng Đạo, Q2, Đà Nẵng",0922785804,01e95a42-95be-4de5-b7e0-03b2c6dec167
d62064ae-adac-4514-8cf5-76da12560539,DEPT_MGR,,Đặng Tuấn Anh,Nam,1986-12-22,2016-07-01,,24262708,"660 Trần Hưng Đạo, Q1, TP.HCM",0852468374,dc5d980e-b941-4382-9227-4574a942f0c0
7e468eb8-e9cf-487d-b81d-7d249f97b7d6,DEPT_MGR,,Võ Đức Hương,Nữ,1981-02-10,2008-02-24,,17413055,"409 Nguyễn Huệ, Q1, Hà Nội",0938304290,74f57b85-8fe2-40a7-b3eb-49aab7182afb
9e1f2119-d4a8-429e-a6b9-8f0f9e68a545,DEPT_MGR,,Huỳnh Minh Thảo,Nam,1985-04-01,2014-11-03,,16516278,"316 Trần Hưng Đạo, Q2, TP.HCM",0940000032,373434c6-5be7-4ac8-ab52-6d0b44c16325
a3d39d3d-cbcf-4ecc-8473-b9c498f8f0fc,DEPT_MGR,,Lê Đức Minh,Nữ,1981-01-11,2001-07-28,,17213830,"816 Trần Hưng Đạo, Q2, TP.HCM",0792860455,6bdf2031-3ca0-4398-a513-c6c1f9a174e7
a5e1286a-fc12-44b1-b8c3-4dd9e68644b9,DEPT_MGR,,Huỳnh Thị Nam,Nam,1981-04-13,2004-11-17,,18654062,"197 Trần Hưng Đạo, Q2, Đà Nẵng",0816789958,5a5a9109-0768-48a9-a8b7-0a5d3ead151d
fa277b9c-ec79-47f6-8a0a-86b9cea0ff98,DEPT_MGR,,Huỳnh Hoàng Anh,Nữ,1976-10-09,1997-07-04,,15329047,"34 Lê Lợi, Q3, Hà Nội",0861435081,57053391-6665-41cc-8429-c2ffa6c94f4c
64c4434e-b049-4616-ba34-53a66c210bd0,DEPT_MGR,,Nguyễn Thị Phương,Nam,1976-01-30,2004-09-22,,16129335,"831 Lê Lợi, Q1, Hà Nội",0977256364,e8689ae3-889c-4aca-8097-6cb53f1f72e3
01ba364b-92dc-4e36-9292-22f79f0a7112,DEPT_MGR,,Võ Anh Hoa,Nam,1989-08-22,2019-08-02,,22135930,"571 Trần Hưng Đạo, Q2, Đà Nẵng",0914105742,87b90805-d382-46d8-ab92-3f8437c330d8
300fed23-8060-4724-8797-b9567a139d76,DEPT_MGR,,Nguyễn Đức Thảo,Nữ,1977-03-21,2007-02-07,,18471032,"548 Lê Lợi, Q1, Đà Nẵng",0829101969,a278139d-e24a-47ed-917a-5853d49b764b
9fb2e1f0-0839-4759-a4ee-6ec10b597ca4,DEPT_MGR,,Phan Minh Phương,Nam,1979-10-18,2003-12-11,,20071988,"536 Trần Hưng Đạo, Q3, Đà Nẵng",0922890702,9e4ae5ab-3c04-4e05-81ea-75881fa91da2
4d175edb-bc57-4e36-bddc-aa04bf6376a9,DEPT_MGR,,Võ Văn Đức,Nữ,1983-11-14,2009-08-18,,19710039,"477 Lê Lợi, Q3, Đà Nẵng",0831755831,9dd504d2-a5c7-4e66-a020-4ad147928b44
5121b291-2879-49d5-9e0f-23b6c834723c,DEPT_MGR,,Huỳnh Minh Hương,Nam,1989-09-29,2018-03-19,,23180559,"131 Nguyễn Huệ, Q3, Hà Nội",0957394389,09534416-26fe-4418-9f4c-f715c992b1e5
db748303-b260-41cc-9109-08ea1cc3025d,DEPT_MGR,,Phan Hữu Hoa,Nam,1978-01-28,2003-07-04,,16277295,"295 Nguyễn Huệ, Q1, TP.HCM",0827935051,e1032926-9b10-4039-8639-b4f9882571da
879475f4-3275-4729-9143-8abc342ca173,DEPT_MGR,,Nguyễn Minh Anh,Nữ,1982-12-26,2004-07-29,,18723475,"551 Trần Hưng Đạo, Q1, TP.HCM",0789382493,ff4baf04-eabc-406c-8c7a-4bb1151fe2bd
aa817f39-1b35-4b4a-aab6-83f31542a3e6,DEPT_MGR,,Lê Văn Hương,Nam,1987-01-12,2016-07-09,,19460200,"341 Lê Lợi, Q2, Đà Nẵng",0935234225,db081a30-05cf-493c-adf7-553ff771bbf0
12279fa6-4f88-4cf3-a710-5a1d014a1a90,DEPT_MGR,,Vũ Minh Hoàng,Nam,1987-03-02,2014-06-13,,19011114,"87 Trần Hưng Đạo, Q1, Đà Nẵng",0964022548,f3a3a64f-30dd-4451-84b4-5d217a4d8c87
174ddafb-d51b-4c6a-8815-70aca82bb427,DEPT_MGR,,Phan Tuấn Minh,Nữ,1984-08-05,2005-01-01,,17290930,"616 Lê Lợi, Q3, Hà Nội",0745640084,6f9fdc43-081d-4783-985d-929c5a16861e
a0e466ad-67e7-4831-9e0b-29d1bf43df96,DEPT_MGR,,Võ Đức Hương,Nữ,1989-08-09,2019-07-31,,20714384,"571 Lê Lợi, Q3, TP.HCM",0779684256,dd8e2d9d-d701-4413-b956-a5e5441d412f
93cdf91f-1e36-4f76-acdc-5ce17ad17c2b,DEPT_MGR,,Vũ Hoàng Nam,Nữ,1980-01-09,2007-04-17,,22505865,"927 Trần Hưng Đạo, Q3, Đà Nẵng",0848091621,9b0218ec-7353-4172-a86c-841634f1f967
b76feaf1-5ed6-44df-bcd7-16c8d4c48407,DEPT_MGR,,Huỳnh Anh Hoàng,Nam,1978-04-22,2008-01-10,,23935363,"554 Trần Hưng Đạo, Q1, Hà Nội",0870622075,15e5f923-a857-41e4-ba56-ab0a0ea9c664
6a0be4c8-f175-41d8-9d8e-ea3c3661671d,DEPT_MGR,,Huỳnh Văn Phương,Nữ,1989-05-28,2011-09-28,,20429389,"836 Lê Lợi, Q1, Hà Nội",0969216676,844e821a-c431-451d-b0d7-d35708fdbc49
898a1645-711a-4b9a-8a9e-899c9c520a60,DEPT_MGR,,Phạm Thị Hoàng,Nam,1975-09-10,1998-03-04,,24080077,"522 Nguyễn Huệ, Q3, TP.HCM",0891920577,4732c5c0-6ae5-4449-b1d4-62d7a2ff8ce1
756d2975-31fe-4528-876d-ea2cf5691fb0,DEPT_MGR,,Võ Thị Nam,Nam,1975-07-18,1997-04-11,,17924419,"318 Trần Hưng Đạo, Q3, TP.HCM",0827007531,15d5ca03-515d-4d28-9f83-3f810d70933a
fb50d94b-080a-40bf-a76e-434379558e33,DEPT_MGR,,Võ Thị Đức,Nam,1987-01-03,2009-10-09,,16468441,"593 Lê Lợi, Q1, Hà Nội",0710132591,ea9345a8-c79e-4fa1-b2b8-ce9254dc507a
b858814a-74ca-411b-8709-4d523f9a8e9a,DEPT_MGR,,Phan Tuấn Đức,Nam,1979-01-06,2001-07-08,,16667237,"333 Lê Lợi, Q3, TP.HCM",0786332159,fccdaf5e-13bf-4f4e-af02-890b002ffcfe
441508ba-0175-4f43-88ec-6b5c0e0eed81,DEPT_MGR,,Trần Minh Nam,Nam,1980-06-22,2002-11-17,,19079741,"635 Nguyễn Huệ, Q3, Hà Nội",0733420745,ccc75655-8cbb-4ac5-a2e4-605f76be6cec
cf774686-7011-41b5-ac61-00f79754799b,DEPT_MGR,,Trần Thị Hoàng,Nam,1984-03-04,2007-08-14,,20965033,"830 Nguyễn Huệ, Q2, Hà Nội",0825196421,90525b12-9345-44bb-b8cc-d79475cf2057
ea0ceef6-e686-48c0-965f-06f9a032d771,DEPT_MGR,,Phan Văn Hương,Nam,1987-03-02,2014-10-16,,16889147,"766 Trần Hưng Đạo, Q1, TP.HCM",0851830570,79e09aa0-5aa2-4fda-96c4-92f4fcf62979
092e8dbe-0d67-4123-a309-57f388353a20,DEPT_MGR,,Phan Văn Anh,Nam,1984-01-20,2011-05-22,,16478068,"94 Trần Hưng Đạo, Q3, TP.HCM",0785964506,4cf9c4d6-6b5e-44f7-a08e-082ece6c483e
59557e96-c6df-4106-bc28-a3275a96a3c2,DEPT_MGR,,Vũ Đức Hoa,Nữ,1981-09-25,2002-01-03,,21751615,"900 Trần Hưng Đạo, Q1, Hà Nội",0914362997,652e5dba-0bd0-4932-84e5-29b788f2df45
4a631a12-35a8-4c6b-8002-ed2e45344e0d,DEPT_MGR,,Nguyễn Hồng Thảo,Nam,1982-09-08,2011-05-08,,18692138,"560 Trần Hưng Đạo, Q1, Hà Nội",0829701686,331ea25a-f43c-43ab-af21-fb9ea1280692
cd8f8003-8505-40ec-8d60-de357f709dfd,DEPT_MGR,,Trần Đức Hoàng,Nam,1979-05-10,2006-01-07,,16486826,"210 Trần Hưng Đạo, Q2, Đà Nẵng",0815786985,d05bf750-2506-4d89-a407-2560f35a5ffd
581ac744-4238-4152-8443-86d849341284,DEPT_MGR,,Lê Hồng Hoàng,Nam,1980-09-21,2005-10-16,,23794263,"353 Nguyễn Huệ, Q3, TP.HCM",0796878936,97441d9e-b43c-4da1-b42b-0f08bcacbbbe
17c6abdf-66ee-47fd-9a75-c84a17842e41,DEPT_MGR,,Trần Anh Hoàng,Nam,1977-05-16,1997-09-13,,15640851,"272 Trần Hưng Đạo, Q3, TP.HCM",0920604410,b5045576-a6fb-41f0-9ff1-97cf342f394c
8481e2f2-771c-4be9-a329-b7e2fa310326,DEPT_MGR,,Đặng Thị Nam,Nữ,1982-08-16,2007-11-01,,18497087,"813 Nguyễn Huệ, Q3, Đà Nẵng",0798785024,3919312a-fab8-403c-a7db-4d1862c78df4
3a0a71a3-17a0-4d84-954e-b6742e7efcbe,DEPT_MGR,,Phạm Anh Minh,Nữ,1984-08-05,2011-10-09,,18707926,"956 Trần Hưng Đạo, Q1, TP.HCM",0961498840,98ec6b7f-ba95-4893-96c1-00cf2e51b1cb
84107e1b-0d5d-4996-b836-0c3a78e8dfce,DEPT_MGR,,Phạm Hữu Anh,Nữ,1978-10-16,2003-10-31,,23049343,"880 Nguyễn Huệ, Q1, TP.HCM",0793568359,1d9f828f-f6ed-4608-986f-23bf489e8536
741541a2-de2c-4ef7-9f46-74aafd000567,DEPT_MGR,,Trần Hồng Thảo,Nam,1989-02-26,2010-10-08,,18152681,"885 Nguyễn Huệ, Q3, TP.HCM",0993604031,9ea7b7b8-ac54-45e3-beee-0230f541623f
895a5286-1f9a-483e-a73d-ab7f0c62f052,DEPT_MGR,,Phạm Minh Hương,Nam,1975-12-31,2001-02-05,,21972577,"401 Nguyễn Huệ, Q1, TP.HCM",0994188519,a9c819a9-ab8b-4285-9155-0ef96ac74fc7
3423432c-4f7f-45cd-a833-4182561c2507,DEPT_MGR,,Hoàng Minh Minh,Nữ,1984-02-01,2008-01-21,,17519235,"493 Nguyễn Huệ, Q2, Hà Nội",0828161860,f2866497-9544-4c83-a96d-e4faa49243d6
acf49a0f-a28e-414a-be4a-d8763b634308,DEPT_MGR,,Phan Hồng Hương,Nam,1986-04-11,2011-02-14,,19210567,"126 Lê Lợi, Q2, TP.HCM",0768867674,6ce9be08-6671-4ddc-82e7-7356120e261a
ad330649-74fd-43d3-8a7a-c0cce6a57b89,DEPT_MGR,,Vũ Anh Hoa,Nam,1975-11-12,2005-07-02,,24247974,"446 Trần Hưng Đạo, Q1, Hà Nội",0869759978,f773d906-edee-4e6f-b7dd-f059212185eb
8c2c2d0c-fc0d-4e87-b0d8-e64f9a100c1a,DEPT_MGR,,Lê Hồng Minh,Nam,1978-05-04,2002-07-17,,20574778,"944 Nguyễn Huệ, Q1, Đà Nẵng",0832955147,4ff5c936-cb4b-45fa-a67e-f63dc271d8e6
f16af350-048e-46a3-892a-19873ee31b73,DEPT_MGR,,Hoàng Hồng Anh,Nữ,1975-09-12,2000-09-04,,15481979,"124 Lê Lợi, Q1, Đà Nẵng",0971110295,b9c845f2-61c1-4e4c-81d6-8b2ad5af6815
d638cad6-ab5a-4592-ab34-48ea634afb1e,DEPT_MGR,,Hoàng Thị Minh,Nam,1982-12-07,2011-03-05,,16677064,"421 Nguyễn Huệ, Q1, Đà Nẵng",0815865858,2cdfcaa1-5bbf-4947-8a3b-8433abb6b74e
71425ae1-1873-4dd3-bbbd-736b00675474,DEPT_MGR,,Phan Văn Hoàng,Nữ,1989-07-05,2014-01-31,,22567809,"387 Lê Lợi, Q1, TP.HCM",0859079667,78ac8bec-3193-4e6a-8a9d-a1525fbf8fc7
4e751880-ad4f-447b-8812-03889bf2df2e,DEPT_MGR,,Trần Hoàng Anh,Nữ,1976-07-28,2004-09-14,,18734706,"172 Trần Hưng Đạo, Q1, Đà Nẵng",0959893748,9d7bc143-9d71-4c71-b7b9-bd7fdb54c02d
e44d64b1-e6f8-405b-831e-ad51ea6c16a0,DEPT_MGR,,Đặng Minh Thảo,Nam,1982-08-02,2010-08-03,,19524497,"286 Nguyễn Huệ, Q3, TP.HCM",0763393605,bf9f23db-3539-4d6b-b5e4-6f8f50aaa8eb
91b6be9d-9877-4e81-9631-2af2cc3a0f2a,DEPT_MGR,,Huỳnh Hồng Nam,Nữ,1981-06-26,2008-02-27,,17994963,"126 Nguyễn Huệ, Q3, Đà Nẵng",0813453047,ce643149-b73e-4bd6-929d-324f5f24df66
45d05ce5-d387-4ac1-b2f3-f1845ba03cb4,DEPT_MGR,,Võ Tuấn Thảo,Nữ,1981-10-07,2008-06-29,,18494636,"513 Trần Hưng Đạo, Q2, Đà Nẵng",0936919836,b6ceb866-6afe-479e-ad00-299cde48528b
cc540b5e-b419-41fc-9afa-698c83a17b08,DEPT_MGR,,Lê Hoàng Đức,Nữ,1985-10-05,2010-07-13,,18617011,"328 Lê Lợi, Q1, Đà Nẵng",0785756824,71f748ab-60dd-4f54-bd92-fb7b9d70571b
43a37b82-f170-4ab5-990c-f1f5208dc1b0,DEPT_MGR,,Võ Thị Hoa,Nữ,1987-03-02,2015-03-02,,15518295,"341 Trần Hưng Đạo, Q1, Đà Nẵng",0916531383,316a180f-d0e7-4811-a522-2711936eba28
606188c7-6378-4cee-9ccc-004a0630410c,DEPT_MGR,,Phan Minh Hương,Nữ,1980-03-19,2006-10-30,,21679006,"979 Nguyễn Huệ, Q3, TP.HCM",0993527347,2213bc70-fe3b-46a0-8721-329887144ada
3041f3a2-fccb-4640-90db-432b6b10903d,DEPT_MGR,,Phan Thị Hoa,Nam,1976-05-19,1997-02-08,,17406838,"264 Nguyễn Huệ, Q2, TP.HCM",0852950495,8f29d6f1-b54f-4f54-bcd9-2c079d2339a3
2c7b8c7d-c385-47c3-8428-ed78928660ff,DEPT_MGR,,Võ Hoàng Hương,Nữ,1987-11-08,2012-02-16,,17126711,"670 Trần Hưng Đạo, Q2, TP.HCM",0931566601,b366adaf-a0db-493c-981b-0d158ecf9fe4
a8bf5541-9c19-45c4-b804-0c90844b1747,DEPT_MGR,,Nguyễn Anh Hoàng,Nam,1978-12-28,1999-03-05,,16498003,"528 Nguyễn Huệ, Q2, TP.HCM",0972275254,d0d37ad9-5f95-4272-b77c-8dfd560abd25
49cd2e3d-a8b1-4c0d-a3c1-52f147ada054,DEPT_MGR,,Phan Hồng Thảo,Nữ,1984-08-27,2013-02-27,,20254366,"77 Lê Lợi, Q1, Đà Nẵng",0855931667,9cf19c57-ea85-47d0-991a-a4e0abdcf3d8
8181cb69-f6be-44e8-b3ea-6b5fac94e431,DEPT_MGR,,Vũ Anh Minh,Nữ,1982-03-25,2007-05-28,,15911733,"827 Nguyễn Huệ, Q1, Hà Nội",0835764526,b9e4a1b4-72ff-4834-8c45-489e4b31d05a
c937798f-05c0-48ed-b24a-f9a02de48280,DEPT_MGR,,Lê Anh Nam,Nữ,1988-02-19,2011-03-01,,21368555,"292 Nguyễn Huệ, Q3, Đà Nẵng",0747080486,785baa23-0182-47ee-9d4c-74ccfa9071b9
3522d6c4-71db-41b1-9d9e-1ee708b256dc,DEPT_MGR,,Hoàng Thị Minh,Nữ,1982-06-23,2003-01-20,,17087363,"555 Lê Lợi, Q1, Đà Nẵng",0712144799,1f9450a3-79de-4bf9-b3d2-1c4671d3255e
eafe2721-7da6-4a3b-acb2-be3501ba2ec6,DEPT_MGR,,Đặng Hữu Hương,Nam,1977-04-25,2005-02-04,,22696378,"205 Nguyễn Huệ, Q2, TP.HCM",0946995502,1c8b56de-d2fb-4181-8aa7-7ea686cbf7b3
a0618c72-8383-4e10-8e33-1091084c4376,DEPT_MGR,,Hoàng Đức Phương,Nam,1980-07-01,2004-02-06,,18892426,"451 Nguyễn Huệ, Q1, Đà Nẵng",0888882086,c7dab04d-3dc7-422a-8706-b56a49166a7e
2b55c921-4c42-4144-9f1d-f3ff08ea75fa,DEPT_MGR,,Nguyễn Hữu Minh,Nam,1977-04-04,2000-09-19,,21214266,"29 Lê Lợi, Q2, Đà Nẵng",0949956541,da7f3639-bb24-494b-8689-8362562d8b68
4f03c0d6-53de-419a-8e23-53dfa1b66e89,DEPT_MGR,,Nguyễn Anh Hoàng,Nam,1977-09-02,2004-04-04,,20881054,"678 Nguyễn Huệ, Q2, Hà Nội",0734185381,5e428930-cd66-49b4-8f33-7e1eefeb8e4a
d0540c0e-5532-43d3-a3ea-26724c9cbedc,DEPT_MGR,,Phan Minh Hương,Nam,1984-06-15,2013-03-03,,23322079,"912 Lê Lợi, Q3, Đà Nẵng",0976801181,e800ffa3-237e-4cb6-9c5f-93d15f3e823c
62c6a7e9-0d24-430a-be2b-8c895a150473,DEPT_MGR,,Lê Anh Hương,Nữ,1983-03-21,2007-11-04,,16686592,"528 Nguyễn Huệ, Q2, Hà Nội",0791192671,f0f8bc20-6758-482e-8765-dc415ddbe8fa
662be7eb-7541-425b-8da2-58726315e377,DEPT_MGR,,Nguyễn Hữu Hoàng,Nam,1976-04-22,1999-09-18,,18949229,"968 Lê Lợi, Q3, TP.HCM",0830563949,a6f9bffe-a90a-46e4-b320-16303b727e48
c48d1ab8-ef30-4aab-893f-c5063047a121,DEPT_MGR,,Phạm Thị Hương,Nữ,1981-09-03,2001-10-05,,22869099,"759 Trần Hưng Đạo, Q2, TP.HCM",0714513213,5f12fd38-1a03-4d6a-8461-919ee23644bf
a12fd503-2010-4548-9f5a-6bcb94cd786c,DEPT_MGR,,Lê Minh Anh,Nam,1987-06-07,2010-11-29,,24085606,"668 Trần Hưng Đạo, Q3, Hà Nội",0977984586,02bc1d14-8272-4a6b-8257-6c295d34053d
4166c798-2c4c-45f6-93b8-280904ce5775,DEPT_MGR,,Nguyễn Hoàng Phương,Nữ,1982-11-07,2004-02-02,,18009918,"710 Trần Hưng Đạo, Q2, Hà Nội",0994843416,ddd881c7-0dc1-41d9-be33-050eec931f41
aed96f4d-3da6-4069-b98c-b2264dbb0d0f,DEPT_MGR,,Huỳnh Tuấn Anh,Nữ,1985-09-25,2014-10-31,,15520921,"84 Nguyễn Huệ, Q2, Đà Nẵng",0748127412,21a4f226-ec47-404c-96be-23756e35dc9c
5af733a7-a532-4065-b117-aeb59c06a28a,DEPT_MGR,,Lê Hữu Đức,Nam,1984-09-09,2013-04-29,,20263484,"601 Nguyễn Huệ, Q1, Đà Nẵng",0956319355,e7f31760-666e-4112-b551-e0cff3c2a23e
e4e970be-416d-46f4-ad6b-b13cc93647ac,DEPT_MGR,,Trần Hoàng Hương,Nữ,1979-04-15,2002-06-09,,15366659,"880 Lê Lợi, Q3, Đà Nẵng",0821257831,3c29cdee-a163-4074-98b3-679ea3ac9fcc
ff4bdae3-f21f-4b58-a278-223fa33edd33,DEPT_MGR,,Phạm Hoàng Hoa,Nam,1981-01-18,2009-09-21,,15233044,"27 Nguyễn Huệ, Q1, Đà Nẵng",0739777112,38f7910b-3ecd-4c8e-89f3-09e6220fe5c7
7ca3867b-a953-482b-8f87-41996e59c324,DEPT_MGR,,Lê Tuấn Minh,Nữ,1987-08-24,2009-08-17,,20279010,"660 Trần Hưng Đạo, Q1, Đà Nẵng",0829734822,c36bf650-52fb-4af8-988e-a8da00398bc3
ae928674-e82c-4e20-b4e4-7a0b446c57e0,DEPT_MGR,,Hoàng Anh Thảo,Nam,1983-12-23,2007-01-29,,23453685,"597 Lê Lợi, Q3, Hà Nội",0839028478,1f81d2c6-70cc-4d17-80bb-7dbfcdcc6404
3bdd3a80-fe4e-4fdd-91b2-282607d8a61f,DEPT_MGR,,Nguyễn Tuấn Minh,Nữ,1988-07-13,2015-02-10,,15491073,"221 Trần Hưng Đạo, Q3, Hà Nội",0823040786,00f3ff57-456e-4738-b85e-4cd9e44b387e
9ba44eac-9404-4aa8-80c0-e25fc60f3ba8,DEPT_MGR,,Đặng Hồng Thảo,Nam,1986-07-02,2015-06-02,,24702845,"284 Trần Hưng Đạo, Q3, Hà Nội",0740356279,a7af8fc8-2855-4df1-a0a6-4bf7d2074357
491b3178-4b84-47eb-800f-8d34e997fed0,DEPT_MGR,,Đặng Đức Phương,Nữ,1984-02-29,2004-08-31,,19627277,"88 Lê Lợi, Q1, Hà Nội",0951062475,e7d9ade6-16e2-4923-822c-427fddd6793b
b90a932e-1739-4c7d-a2df-a1bb0e5a9064,DEPT_MGR,,Đặng Hồng Hoàng,Nam,1988-09-22,2013-03-01,,23015388,"930 Lê Lợi, Q1, Đà Nẵng",0845034572,1339792c-9268-4d60-94b4-c9dce0e40866
a1e19cc7-c809-4778-bef7-c8ed246cfe5d,DEPT_MGR,,Đặng Hoàng Hoàng,Nữ,1984-09-01,2010-12-22,,24359710,"313 Trần Hưng Đạo, Q2, TP.HCM",0758330353,1dbae3d4-708c-4336-818f-23671af00065
ce3d261e-22d1-42b0-b333-56db3eddbf17,DEPT_MGR,,Phan Thị Hoa,Nữ,1983-06-26,2006-05-04,,18657962,"697 Trần Hưng Đạo, Q1, TP.HCM",0734737580,b454e230-2899-412a-a4d7-50c088413070
136db28e-0a52-4b3f-8f65-00e124d5f814,DEPT_MGR,,Đặng Minh Nam,Nữ,1988-06-12,2017-08-29,,22836778,"350 Nguyễn Huệ, Q1, Hà Nội",0793496866,a0246b49-8903-4337-be19-0a89455d029b
6fa77354-ca07-4b93-b960-c90be96fe419,DEPT_MGR,,Võ Hoàng Thảo,Nam,1984-02-09,2013-06-06,,16697062,"340 Lê Lợi, Q3, Hà Nội",0842021822,d388f97c-7096-49ea-90c2-4ed13b8fda8f
9a49c5c2-8d86-4a6a-bb21-dea23db86fc8,DEPT_MGR,,Vũ Đức Nam,Nữ,1981-06-13,2004-08-06,,20947069,"483 Nguyễn Huệ, Q1, Hà Nội",0778304770,3e7cd07a-88d8-424a-b440-d919dbde1f3a
1dc88ef0-8e10-4e39-9038-727b89c1083f,DEPT_MGR,,Hoàng Tuấn Hương,Nam,1986-10-16,2007-05-12,,24977247,"943 Nguyễn Huệ, Q1, Đà Nẵng",0771553353,621e51b5-554c-4f89-a542-379c6b0f7614
